0,0,0,0,0,0,0,0,0,0,-0.933642,-2.37351,169.577,
0,0,0,0,0,0,0,0,0,0,-0.938214,-2.37733,169.581,
0,0,0,0,0,0,0,0,0,0,-0.943682,-2.37895,169.579,
0,0,0,0,0,0,0,0,0,0,-0.954447,-2.37827,169.59,
0,0,0,0,0,0,0,0,0,0,-0.951665,-2.37902,169.594,
0,0,0,0,0,0,0,0,0,0,-0.956808,-2.3706,169.597,
0,0,0,0,0,0,0,0,0,0,-0.937582,-2.3685,169.587,
0,0,0,0,0,0,0,0,0,0,-0.950854,-2.37454,169.597,
0,0,0,0,0,0,0,0,0,0,-0.94241,-2.35038,169.599,
0,0,0,0,0,0,0,0,0,0,-0.936372,-2.35774,169.598,
0,0,0,0,0,0,0,0,0,0,-0.937064,-2.36301,169.591,
0,0,0,0,0,0,0,0,0,0,-0.919437,-2.35517,169.588,
0,0,0,0,0,0,0,0,0,0,-0.937771,-2.36293,169.592,
0,0,0,0,0,0,0,0,0,0,-0.931872,-2.36254,169.589,
0,0,0,0,0,0,0,0,0,0,-0.943608,-2.36964,169.598,
0,0,0,0,0,0,0,0,0,0,-0.946258,-2.35641,169.605,
0,0,0,0,0,0,0,0,0,0,-0.949628,-2.35775,169.597,
0,0,0,0,0,0,0,0,0,0,-0.950417,-2.36606,169.608,
0,0,0,0,0,0,0,0,0,0,-0.934565,-2.36241,169.597,
0,0,0,0,0,0,0,0,0,0,-0.935687,-2.35995,169.592,
0,0,0,0,0,0,0,0,0,0,-0.933979,-2.35939,169.588,
0,0,0,0,0,0,0,0,0,0,-0.924893,-2.36437,169.58,
0,0,0,0,0,0,0,0,0,0,-0.931717,-2.38025,169.591,
0,0,0,0,0,0,0,0,0,0,-0.942903,-2.36997,169.593,
0,0,0,0,0,0,0,0,0,0,-0.945859,-2.37487,169.594,
0,0,0,0,0,0,0,0,0,0,-0.962128,-2.37312,169.587,
0,0,0,0,0,0,0,0,0,0,-0.939836,-2.36263,169.581,
0,0,0,0,0,0,0,0,0,0,-0.93308,-2.37398,169.581,
0,0,0,0,0,0,0,0,0,0,-0.930832,-2.37769,169.58,
0,0,0,0,0,0,0,0,0,0,-0.940445,-2.3881,169.585,
0,0,0,0,0,0,0,0,0,0,-0.956966,-2.39048,169.594,
0,0,0,0,0,0,0,0,0,0,-0.948745,-2.3816,169.581,
0,-0.558011,-0.0791897,0,0,0,0,0,0,0,-0.950601,-2.38563,169.572,
0,-0.697974,-0.20442,0,0,-0.0755064,-0.0773481,0,0,0,-0.918243,-2.37112,169.517,
0,-0.836096,-0.348066,0,0,-0.200737,-0.206262,0,0,0,-0.885559,-2.36638,169.48,
0,-0.961326,-0.475138,0,0,-0.344383,-0.349908,0,0,0,-0.876702,-2.36758,169.45,
0,-1.09945,-0.616943,0,0,-0.469613,-0.478821,0,0,0,-0.865533,-2.33323,169.421,
0,-1.22284,-0.744015,0,0,-0.61326,-0.620626,0,0,0,-0.863633,-2.32589,169.411,
0,-1.3628,-0.88582,0,0,-0.73849,-0.747698,0,0,0,-0.884327,-2.33098,169.396,
0,-1.48803,-1.01289,0,0,-0.882136,-0.891344,0,0,0,-0.881371,-2.3419,169.388,
0,-1.62615,-1.15285,0,0,-1.00737,-1.02026,0,0,0,-0.916841,-2.33862,169.382,
0,-1.76427,-1.27993,0,0,-1.15101,-1.1639,0,0,0,-0.894767,-2.35888,169.364,
0,-1.8895,-1.42173,0,0,-1.27808,-1.30755,0,0,0,-0.902201,-2.37248,169.352,
0,-2.02947,-1.56169,0,0,-1.41989,-1.43646,0,0,0,-0.900421,-2.34864,169.337,
0,-2.15285,-1.68877,0,0,-1.54696,-1.58011,0,0,0,-0.885751,-2.34885,169.324,
0,-2.29466,-1.83057,0,0,-1.68692,-1.70902,0,0,0,-0.90571,-2.32728,169.316,
0,-2.41805,-1.95764,0,0,-1.82873,-1.85083,0,0,0,-0.887906,-2.34091,169.314,
0,-2.55985,-2.10129,0,0,-1.95396,-1.97974,0,0,0,-0.896774,-2.3425,169.292,
0,-2.68324,-2.22836,0,0,-2.09576,-2.12339,0,0,0,-0.912831,-2.34585,169.293,
0,-2.8232,-2.37017,0,0,-2.22284,-2.25046,0,0,0,-0.920368,-2.35307,169.27,
0,-2.94843,-2.4954,0,0,-2.36464,-2.39411,0,0,0,-0.911403,-2.34884,169.254,
0,-3.08656,-2.6372,0,0,-2.48987,-2.53775,0,0,0,-0.905515,-2.35444,169.235,
0,-3.22652,-2.76243,0,0,-2.63168,-2.66483,0,0,0,-0.911987,-2.34975,169.236,
0,-3.35175,-2.90424,0,0,-2.75875,-2.81031,0,0,0,-0.92515,-2.36054,169.241,
0,-3.48987,-3.04604,0,0,-2.90239,-2.93739,0,0,0,-0.93043,-2.36243,169.245,
0,-3.6151,-3.17495,0,0,-3.02762,-3.08287,0,0,0,-0.945665,-2.35391,169.238,
0,-3.75506,-3.31492,0,0,-3.16943,-3.21179,0,0,0,-0.944591,-2.34039,169.233,
0,-3.88029,-3.44199,0,0,-3.2965,-3.35543,0,0,0,-0.936738,-2.34425,169.22,
0,-4.02026,-3.58379,0,0,-3.43831,-3.48435,0,0,0,-0.929268,-2.38711,169.218,
0,-4.14365,-3.71271,0,0,-3.56354,-3.62799,0,0,0,-0.940816,-2.38823,169.219,
0,-4.28361,-3.85451,0,0,-3.70534,-3.75506,0,0,0,-0.947851,-2.37361,169.218,
0,-4.42357,-3.98158,0,0,-3.84715,-3.89871,0,0,0,-0.940776,-2.36557,169.206,
0,-4.5488,-4.12339,0,0,-3.97422,-4.02762,0,0,0,-0.941836,-2.35865,169.2,
0,-4.68877,-4.25046,0,0,-4.11602,-4.17127,0,0,0,-0.952247,-2.33191,169.199,
0,-4.814,-4.39227,0,0,-4.24125,-4.30018,0,0,0,-0.957428,-2.35151,169.207,
0,-4.9558,-4.5175,0,0,-4.3849,-4.44383,0,0,0,-0.947243,-2.32059,169.205,
0,-5.07919,-4.6593,0,0,-4.51013,-4.57274,0,0,0,-0.943042,-2.34072,169.205,
0,-5.21915,-4.80111,0,0,-4.65378,-4.71639,0,0,0,-0.94626,-2.34651,169.196,
0,-5.35912,-4.92818,0,0,-4.77901,-4.84346,0,0,0,-0.95278,-2.35399,169.19,
0,-5.48435,-5.06998,0,0,-4.92081,-4.98711,0,0,0,-0.933584,-2.38053,169.18,
0,-5.62431,-5.19705,0,0,-5.04788,-5.11418,0,0,0,-0.946469,-2.377,169.185,
0,-5.74954,-5.33886,0,0,-5.18969,-5.25599,0,0,0,-0.965731,-2.35314,169.177,
0,-5.89135,-5.46777,0,0,-5.31676,-5.3849,0,0,0,-0.963863,-2.35823,169.19,
0,-6.01657,-5.60958,0,0,-5.45856,-5.5267,0,0,0,-0.939007,-2.36438,169.185,
0,-6.15654,-5.73665,0,0,-5.58564,-5.67035,0,0,0,-0.941891,-2.36662,169.194,
0,-6.28177,-5.87845,0,0,-5.72744,-5.79742,0,0,0,-0.934872,-2.36224,169.194,
0,-6.42173,-6.00553,0,0,-5.86925,-5.94107,0,0,0,-0.940675,-2.36949,169.195,
0,-6.56169,-6.14733,0,0,-5.99448,-6.06814,0,0,0,-0.937183,-2.34842,169.169,
0,-6.68692,-6.27256,0,0,-6.13628,-6.20995,0,0,0,-0.937839,-2.36039,169.166,
0,-6.82689,-6.41436,0,0,-6.26335,-6.33886,0,0,0,-0.938168,-2.37609,169.16,
0,-6.95028,-6.55617,0,0,-6.40516,-6.4825,0,0,0,-0.930535,-2.38095,169.17,
0,-7.09208,-6.68324,0,0,-6.53039,-6.60958,0,0,0,-0.926147,-2.3862,169.182,
0,-7.21731,-6.82689,0,0,-6.67403,-6.75322,0,0,0,-0.924917,-2.37939,169.176,
0,-7.35912,-6.95396,0,0,-6.79926,-6.89687,0,0,0,-0.911433,-2.39617,169.177,
0,-7.48435,-7.09761,0,0,-6.94107,-7.02394,0,0,0,-0.923654,-2.40025,169.173,
0,-7.62615,-7.22468,0,0,-7.06814,-7.16759,0,0,0,-0.917128,-2.42069,169.171,
0,-7.75138,-7.36648,0,0,-7.20995,-7.2965,0,0,0,-0.928074,-2.41543,169.181,
0,-7.89135,-7.49356,0,0,-7.35175,-7.43831,0,0,0,-0.922485,-2.42777,169.187,
0,-8.03131,-7.63536,0,0,-7.47698,-7.56722,0,0,0,-0.916159,-2.381,169.19,
0,-8.15654,-7.76243,0,0,-7.61878,-7.70902,0,0,0,-0.926377,-2.39451,169.199,
0,-8.29834,-7.90424,0,0,-7.74586,-7.83794,0,0,0,-0.932213,-2.40046,169.207,
0,-8.42357,-8.03131,0,0,-7.8895,-7.98158,0,0,0,-0.925076,-2.38749,169.201,
0,-8.56538,-8.17311,0,0,-8.01473,-8.12523,0,0,0,-0.938956,-2.3683,169.194,
0,-8.68877,-8.30018,0,0,-8.15838,-8.25414,0,0,0,-0.927005,-2.40268,169.196,
0,-8.83057,-8.44199,0,0,-8.28361,-8.39779,0,0,0,-0.940819,-2.37732,169.204,
0,-8.95396,-8.58379,0,0,-8.42726,-8.52486,0,0,0,-0.934121,-2.38636,169.204,
0,-9.09761,-8.70902,0,0,-8.55249,-8.66851,0,0,0,-0.930405,-2.37421,169.206,
0,-9.22284,-8.85267,0,0,-8.69429,-8.79742,0,0,0,-0.925115,-2.37303,169.201,
0,-9.3628,-8.97974,0,0,-8.82136,-8.94107,0,0,0,-0.925513,-2.36964,169.205,
0,-9.50276,-9.12339,0,0,-8.96133,-9.06998,0,0,0,-0.935157,-2.37147,169.207,
0,-9.62799,-9.25046,0,0,-9.10313,-9.21547,0,0,0,-0.940497,-2.39391,169.202,
0,-9.7698,-9.39411,0,0,-9.2302,-9.34438,0,0,0,-0.943753,-2.36827,169.2,
0,-9.89503,-9.52118,0,0,-9.37201,-9.48803,0,0,0,-0.945853,-2.37469,169.199,
0,-10.0368,-9.66298,0,0,-9.49908,-9.6151,0,0,0,-0.940254,-2.36003,169.212,
0,-10.1621,-9.79006,0,0,-9.64273,-9.75875,0,0,0,-0.934979,-2.36308,169.21,
0,-10.3039,-9.9337,0,0,-9.76796,-9.88582,0,0,0,-0.917188,-2.39149,169.204,
0,-10.4291,-10.0608,0,0,-9.9116,-10.0295,0,0,0,-0.930647,-2.39098,169.213,
0,-10.5691,-10.2026,0,0,-10.0387,-10.1731,0,0,0,-0.927163,-2.41075,169.213,
0,-10.6943,-10.3296,0,0,-10.1805,-10.3002,0,0,0,-0.930042,-2.39243,169.219,
0,-10.8324,-10.4715,0,0,-10.3076,-10.4457,0,0,0,-0.947,-2.41039,169.215,
0,-10.9724,-10.5985,0,0,-10.4494,-10.5727,0,0,0,-0.953395,-2.43184,169.219,
0,-11.0994,-10.7403,0,0,-10.5764,-10.7164,0,0,0,-0.955869,-2.41474,169.224,
0,-11.2394,-10.8674,0,0,-10.7164,-10.8435,0,0,0,-0.948481,-2.41364,169.218,
0,-11.3646,-11.0092,0,0,-10.8435,-10.989,0,0,0,-0.942015,-2.39363,169.207,
0,-11.5064,-11.151,0,0,-10.9871,-11.116,0,0,0,-0.946368,-2.37343,169.208,
0,-11.6298,-11.2781,0,0,-11.1142,-11.2597,0,0,0,-0.953162,-2.36813,169.215,
0,-11.7716,-11.4199,0,0,-11.2578,-11.3867,0,0,0,-0.966889,-2.37793,169.218,
0,-11.895,-11.547,0,0,-11.3831,-11.5304,0,0,0,-0.96655,-2.37407,169.233,
0,-12.0368,-11.6906,0,0,-11.5267,-11.674,0,0,0,-0.990231,-2.35767,169.23,
0,-12.1621,-11.8177,0,0,-11.6538,-11.8029,0,0,0,-0.980206,-2.35463,169.236,
0,-12.302,-11.9595,0,0,-11.7956,-11.9466,0,0,0,-0.972845,-2.36608,169.242,
0,-12.442,-12.0866,0,0,-11.9227,-12.0737,0,0,0,-0.957275,-2.3569,169.245,
0,-12.5672,-12.2302,0,0,-12.0645,-12.2192,0,0,0,-0.938754,-2.37223,169.242,
0,-12.7072,-12.3573,0,0,-12.2044,-12.3462,0,0,0,-0.95182,-2.3597,169.242,
0,-12.8324,-12.4991,0,0,-12.3315,-12.4917,0,0,0,-0.952389,-2.37968,169.236,
0,-12.9742,-12.6262,0,0,-12.4733,-12.6188,0,0,0,-0.939837,-2.39993,169.243,
0,-13.0976,-12.768,0,0,-12.6004,-12.7624,0,0,0,-0.93965,-2.37315,169.243,
0,-13.2394,-12.895,0,0,-12.744,-12.8895,0,0,0,-0.941212,-2.3691,169.24,
0,-13.3646,-13.0368,0,0,-12.8692,-13.035,0,0,0,-0.939734,-2.37376,169.235,
0,-13.5046,-13.1805,0,0,-13.0129,-13.1786,0,0,0,-0.93583,-2.36448,169.244,
0,-13.6446,-13.3076,0,0,-13.1381,-13.3057,0,0,0,-0.931086,-2.37416,169.244,
0,-13.7698,-13.4512,0,0,-13.2818,-13.4494,0,0,0,-0.938085,-2.40193,169.257,
0,-13.9098,-13.5764,0,0,-13.407,-13.5764,0,0,0,-0.962683,-2.39668,169.274,
0,-14.035,-13.7201,0,0,-13.5488,-13.7201,0,0,0,-0.942928,-2.39371,169.278,
0,-14.1768,-13.849,0,0,-13.6759,-13.849,0,0,0,-0.935752,-2.40383,169.285,
0,-14.3002,-13.9908,0,0,-13.8177,-13.9926,0,0,0,-0.922912,-2.41466,169.28,
0,-14.442,-14.1179,0,0,-13.9595,-14.1197,0,0,0,-0.916969,-2.4024,169.278,
0,-14.5672,-14.2597,0,0,-14.0866,-14.2634,0,0,0,-0.916287,-2.39935,169.287,
0,-14.7072,-14.3867,0,0,-14.2284,-14.3904,0,0,0,-0.914605,-2.39595,169.279,
0,-14.8306,-14.5304,0,0,-14.3554,-14.5341,0,0,0,-0.93379,-2.39486,169.279,
0,-14.9724,-14.6575,0,0,-14.4972,-14.6777,0,0,0,-0.923671,-2.39856,169.27,
0,-15.1123,-14.8011,0,0,-14.6225,-14.8048,0,0,0,-0.926679,-2.38673,169.273,
0,-15.2376,-14.9263,0,0,-14.7661,-14.9484,0,0,0,-0.926048,-2.35648,169.273,
0,-15.3775,-15.0718,0,0,-14.8913,-15.0755,0,0,0,-0.933314,-2.34876,169.279,
0,-15.5028,-15.1989,0,0,-15.0368,-15.2192,0,0,0,-0.941082,-2.35648,169.281,
0,-15.6427,-15.3425,0,0,-15.1621,-15.3481,0,0,0,-0.938228,-2.37443,169.279,
0,-15.7661,-15.4696,0,0,-15.3057,-15.4917,0,0,0,-0.954216,-2.36174,169.273,
0,-15.9079,-15.6114,0,0,-15.4309,-15.6354,0,0,0,-0.97532,-2.31085,169.272,
0,-16.0479,-15.7385,0,0,-15.5746,-15.7624,0,0,0,-0.944926,-2.32411,169.263,
0,-16.1731,-15.8803,0,0,-15.7164,-15.9079,0,0,0,-0.9351,-2.31439,169.266,
0,-16.3149,-16.0055,0,0,-15.8416,-16.035,0,0,0,-0.932775,-2.30524,169.257,
0,-16.4401,-16.1492,0,0,-15.9853,-16.1786,0,0,0,-0.932167,-2.3473,169.261,
0,-16.5801,-16.291,0,0,-16.1105,-16.3057,0,0,0,-0.932083,-2.32517,169.258,
0,-16.7053,-16.4199,0,0,-16.2541,-16.4512,0,0,0,-0.926893,-2.3378,169.252,
0,-16.8471,-16.5617,0,0,-16.3794,-16.5801,0,0,0,-0.936121,-2.32253,169.239,
0,-16.9724,-16.6888,0,0,-16.5212,-16.7238,0,0,0,-0.92154,-2.32854,169.243,
0,-17.1142,-16.8324,0,0,-16.6483,-16.8527,0,0,0,-0.927672,-2.33243,169.242,
0,-17.2376,-16.9595,0,0,-16.7919,-16.9982,0,0,0,-0.922444,-2.35328,169.242,
0,-17.3794,-17.1013,0,0,-16.9171,-17.1271,0,0,0,-0.94436,-2.33028,169.241,
0,-17.5046,-17.2302,0,0,-17.0589,-17.2707,0,0,0,-0.940286,-2.33453,169.247,
0,-17.6446,-17.372,0,0,-17.2007,-17.3978,0,0,0,-0.953156,-2.31843,169.259,
0,-17.7845,-17.4991,0,0,-17.3278,-17.5414,0,0,0,-0.934373,-2.35534,169.261,
0,-17.9098,-17.6409,0,0,-17.4696,-17.6685,0,0,0,-0.912791,-2.33508,169.249,
0,-18.0497,-17.7698,0,0,-17.5948,-17.8122,0,0,0,-0.921148,-2.32554,169.251,
0,-18.1731,-17.9116,0,0,-17.7385,-17.954,0,0,0,-0.927116,-2.37197,169.244,
0,-18.3149,-18.0387,0,0,-17.8637,-18.0829,0,0,0,-0.945605,-2.33904,169.246,
0,-18.4401,-18.1823,0,0,-18.0074,-18.2247,0,0,0,-0.946293,-2.33814,169.254,
0,-18.5801,-18.3076,0,0,-18.1344,-18.3518,0,0,0,-0.96591,-2.35865,169.26,
0,-18.7053,-18.4494,0,0,-18.2762,-18.4972,0,0,0,-0.956266,-2.35236,169.254,
0,-18.8453,-18.5764,0,0,-18.418,-18.6262,0,0,0,-0.96429,-2.36278,169.258,
0,-18.9853,-18.7182,0,0,-18.5433,-18.768,0,0,0,-0.962354,-2.36911,169.254,
0,-19.1105,-18.86,0,0,-18.6851,-18.895,0,0,0,-0.956057,-2.3475,169.241,
0,-19.2523,-18.9871,0,0,-18.8122,-19.0387,0,0,0,-0.970535,-2.37044,169.246,
0,-19.3757,-19.1308,0,0,-18.9558,-19.1805,0,0,0,-0.972577,-2.37395,169.239,
0,-19.5175,-19.2597,0,0,-19.0829,-19.3112,0,0,0,-0.967225,-2.3603,169.228,
0,-19.6427,-19.3996,0,0,-19.2265,-19.4549,0,0,0,-0.94649,-2.34883,169.227,
0,-19.7845,-19.5267,0,0,-19.3518,-19.582,0,0,0,-0.974418,-2.37711,169.24,
0,-19.9098,-19.6685,0,0,-19.4954,-19.7256,0,0,0,-0.968908,-2.35925,169.229,
0,-20.0497,-19.7956,0,0,-19.6225,-19.8527,0,0,0,-0.95259,-2.37868,169.213,
0,-20.1897,-19.9392,0,0,-19.7661,-19.9963,0,0,0,-0.959984,-2.36008,169.221,
0,-20.3149,-20.0663,0,0,-19.8913,-20.1252,0,0,0,-0.942535,-2.38115,169.211,
0,-20.453,-20.2081,0,0,-20.0331,-20.267,0,0,0,-0.953447,-2.39199,169.207,
0,-20.5783,-20.3333,0,0,-20.1602,-20.4107,0,0,0,-0.936241,-2.36046,169.177,
0,-20.7182,-20.477,0,0,-20.302,-20.5396,0,0,0,-0.944827,-2.39755,169.187,
0,-20.8435,-20.6206,0,0,-20.4438,-20.6851,0,0,0,-0.957639,-2.40436,169.191,
0,-20.9834,-20.7477,0,0,-20.5709,-20.814,0,0,0,-0.957386,-2.39435,169.196,
0,-21.1234,-20.8895,0,0,-20.7127,-20.9576,0,0,0,-0.972134,-2.39047,169.201,
0,-21.2486,-21.0166,0,0,-20.8398,-21.0866,0,0,0,-0.96835,-2.39878,169.208,
0,-21.3886,-21.1584,0,0,-20.9816,-21.2284,0,0,0,-0.944802,-2.36493,169.201,
0,-21.5138,-21.2855,0,0,-21.1087,-21.3573,0,0,0,-0.920634,-2.3805,169.193,
0,-21.6538,-21.4291,0,0,-21.2523,-21.5009,0,0,0,-0.95559,-2.35551,169.2,
0,-21.779,-21.5562,0,0,-21.3775,-21.6298,0,0,0,-0.949277,-2.36864,169.182,
0,-21.919,-21.6998,0,0,-21.5212,-21.7735,0,0,0,-0.946823,-2.38114,169.199,
0,-22.0589,-21.8269,0,0,-21.6464,-21.9006,0,0,0,-0.96864,-2.35436,169.199,
0,-22.1842,-21.9687,0,0,-21.7901,-22.0442,0,0,0,-0.951081,-2.37128,169.203,
0,-22.3241,-22.0958,0,0,-21.9171,-22.1731,0,0,0,-0.977479,-2.35148,169.202,
0,-22.4494,-22.2376,0,0,-22.0608,-22.3149,0,0,0,-0.963951,-2.38317,169.209,
0,-22.5912,-22.3646,0,0,-22.186,-22.4586,0,0,0,-0.969717,-2.36368,169.198,
0,-22.7146,-22.5064,0,0,-22.3278,-22.5875,0,0,0,-0.975439,-2.36127,169.207,
0,-22.8564,-22.6501,0,0,-22.4696,-22.7311,0,0,0,-0.956507,-2.38446,169.213,
0,-22.9797,-22.7772,0,0,-22.5967,-22.86,0,0,0,-0.956411,-2.35904,169.226,
0,-23.1197,-22.919,0,0,-22.7385,-23.0037,0,0,0,-0.941087,-2.3893,169.215,
0,-23.2597,-23.046,0,0,-22.8656,-23.1326,0,0,0,-0.944079,-2.36532,169.215,
0,-23.3849,-23.1897,0,0,-23.0074,-23.2762,0,0,0,-0.928717,-2.3957,169.214,
0,-23.5249,-23.3149,0,0,-23.1344,-23.4052,0,0,0,-0.941342,-2.39233,169.225,
0,-23.6519,-23.4586,0,0,-23.2762,-23.5488,0,0,0,-0.954316,-2.37684,169.224,
0,-23.7919,-23.5856,0,0,-23.4033,-23.6759,0,0,0,-0.948565,-2.3993,169.226,
0,-23.9171,-23.7293,0,0,-23.5451,-23.8177,0,0,0,-0.952073,-2.39458,169.217,
0,-24.0571,-23.8582,0,0,-23.6722,-23.9632,0,0,0,-0.948958,-2.37878,169.211,
0,-24.1823,-24,0,0,-23.814,-24.0921,0,0,0,-0.967852,-2.35247,169.218,
0,-24.3241,-24.1271,0,0,-23.9558,-24.2339,0,0,0,-0.964658,-2.36584,169.226,
0,-24.4494,-24.2707,0,0,-24.0829,-24.3628,0,0,0,-0.980848,-2.38023,169.23,
0,-24.5893,-24.3978,0,0,-24.2247,-24.5083,0,0,0,-0.952363,-2.373,169.232,
0,-24.7293,-24.5414,0,0,-24.3499,-24.6354,0,0,0,-0.963048,-2.36869,169.238,
0,-24.8545,-24.6685,0,0,-24.4936,-24.779,0,0,0,-0.95379,-2.39559,169.238,
0,-24.9963,-24.8122,0,0,-24.6188,-24.9079,0,0,0,-0.942771,-2.37616,169.236,
0,-25.1215,-24.9374,0,0,-24.7606,-25.0497,0,0,0,-0.942661,-2.37727,169.242,
0,-25.2634,-25.0792,0,0,-24.8877,-25.1786,0,0,0,-0.945772,-2.35864,169.243,
0,-25.3867,-25.2063,0,0,-25.0276,-25.3223,0,0,0,-0.952485,-2.37198,169.244,
0,-25.5267,-25.3499,0,0,-25.1694,-25.4494,0,0,0,-0.959401,-2.36891,169.238,
0,-25.6519,-25.4917,0,0,-25.2965,-25.593,0,0,0,-0.9691,-2.38013,169.242,
0,-25.7919,-25.6188,0,0,-25.4383,-25.7367,0,0,0,-0.975373,-2.37685,169.231,
0,-25.9319,-25.7606,0,0,-25.5654,-25.8656,0,0,0,-0.951666,-2.36745,169.231,
0,-26.0571,-25.8877,0,0,-25.7072,-26.0074,0,0,0,-0.939748,-2.36268,169.242,
0,-26.1989,-26.0313,0,0,-25.8343,-26.1363,0,0,0,-0.960988,-2.35687,169.249,
0,-26.3241,-26.1584,0,0,-25.9761,-26.2818,0,0,0,-0.939985,-2.37276,169.241,
0,-26.4659,-26.3002,0,0,-26.1031,-26.4107,0,0,0,-0.953725,-2.35391,169.248,
0,-26.5912,-26.4291,0,0,-26.2468,-26.5543,0,0,0,-0.951783,-2.34946,169.249,
0,-26.733,-26.5727,0,0,-26.3738,-26.6832,0,0,0,-0.958039,-2.35056,169.247,
0,-26.8564,-26.698,0,0,-26.5175,-26.8269,0,0,0,-0.957735,-2.37544,169.237,
0,-26.9982,-26.8416,0,0,-26.6446,-26.9558,0,0,0,-0.962732,-2.37156,169.234,
0,-27.1234,-26.9687,0,0,-26.7864,-27.0994,0,0,0,-0.941048,-2.38096,169.236,
0,-27.2652,-27.1123,0,0,-26.9134,-27.2284,0,0,0,-0.940521,-2.37687,169.231,
0,-27.3886,-27.2394,0,0,-27.0571,-27.372,0,0,0,-0.944924,-2.34838,169.221,
0,-27.5304,-27.3831,0,0,-27.1842,-27.5009,0,0,0,-0.951155,-2.35359,169.227,
0,-27.6704,-27.5101,0,0,-27.3278,-27.6446,0,0,0,-0.948888,-2.35807,169.227,
0,-27.7956,-27.6538,0,0,-27.4549,-27.7716,0,0,0,-0.945652,-2.37743,169.229,
0,-27.9355,-27.7808,0,0,-27.5985,-27.9153,0,0,0,-0.941035,-2.38244,169.229,
0,-28.0626,-27.9227,0,0,-27.7238,-28.0442,0,0,0,-0.94717,-2.3678,169.222,
0,-28.2026,-28.0497,0,0,-27.8656,-28.1878,0,0,0,-0.940511,-2.38252,169.229,
0,-28.3278,-28.1915,0,0,-28.0074,-28.3315,0,0,0,-0.946115,-2.36627,169.234,
0,-28.4696,-28.3186,0,0,-28.1344,-28.4604,0,0,0,-0.946915,-2.35289,169.233,
0,-28.593,-28.4604,0,0,-28.2762,-28.6041,0,0,0,-0.954385,-2.3425,169.239,
0,-28.7367,-28.6041,0,0,-28.4033,-28.733,0,0,0,-0.954786,-2.34541,169.242,
0,-28.8619,-28.733,0,0,-28.547,-28.8766,0,0,0,-0.956062,-2.35633,169.23,
0,-29.0018,-28.8748,0,0,-28.674,-29.0055,0,0,0,-0.959782,-2.37631,169.222,
0,-29.1418,-29.0018,0,0,-28.8158,-29.1492,0,0,0,-0.964001,-2.38316,169.22,
0,-29.267,-29.1455,0,0,-28.9429,-29.2781,0,0,0,-0.95917,-2.37512,169.219,
0,-29.407,-29.2744,0,0,-29.0866,-29.4217,0,0,0,-0.952699,-2.37211,169.219,
0,-29.5322,-29.4162,0,0,-29.2136,-29.5506,0,0,0,-0.956096,-2.37718,169.208,
0,-29.674,-29.5433,0,0,-29.3554,-29.6961,0,0,0,-0.938577,-2.38656,169.214,
0,-29.7993,-29.6851,0,0,-29.4807,-29.8232,0,0,0,-0.936672,-2.37923,169.207,
0,-29.9411,-29.814,0,0,-29.6262,-29.9669,0,0,0,-0.938322,-2.34406,169.202,
0,-30.0663,-29.9558,0,0,-29.7514,-30.0939,0,0,0,-0.940955,-2.37284,169.204,
0,-30.2063,-30.0829,0,0,-29.895,-30.2376,0,0,0,-0.947696,-2.38129,169.2,
0,-30.3333,-30.2247,0,0,-30.0203,-30.3646,0,0,0,-0.94699,-2.39657,169.212,
0,-30.4733,-30.3517,0,0,-30.1639,-30.5101,0,0,0,-0.957519,-2.36214,169.211,
0,-30.6133,-30.4936,0,0,-30.291,-30.6538,0,0,0,-0.951981,-2.34974,169.21,
0,-30.7385,-30.6206,0,0,-30.4346,-30.7808,0,0,0,-0.955231,-2.36911,169.218,
0,-30.8803,-30.7624,0,0,-30.5617,-30.9245,0,0,0,-0.963585,-2.35498,169.233,
0,-31.0037,-30.9042,0,0,-30.7035,-31.0534,0,0,0,-0.974112,-2.37261,169.228,
0,-31.1455,-31.0313,0,0,-30.8306,-31.1971,0,0,0,-0.974519,-2.39936,169.234,
0,-31.2689,-31.175,0,0,-30.9724,-31.326,0,0,0,-0.965603,-2.37658,169.223,
0,-31.4107,-31.3002,0,0,-31.1142,-31.4696,0,0,0,-0.979329,-2.38261,169.226,
0,-31.5359,-31.4438,0,0,-31.2413,-31.5985,0,0,0,-0.968117,-2.3775,169.22,
0,-31.6759,-31.5709,0,0,-31.3831,-31.7422,0,0,0,-0.969784,-2.39729,169.221,
0,-31.8158,-31.7127,0,0,-31.5083,-31.8711,0,0,0,-0.952584,-2.40077,169.217,
0,-31.9411,-31.8379,0,0,-31.6519,-32.0147,0,0,0,-0.952588,-2.39689,169.221,
0,-32.081,-31.9797,0,0,-31.779,-32.1436,0,0,0,-0.956073,-2.39205,169.22,
0,-32.2063,-32.1234,0,0,-31.9227,-32.2891,0,0,0,-0.95402,-2.37492,169.215,
0,-32.3462,-32.2505,0,0,-32.0497,-32.4162,0,0,0,-0.947125,-2.35896,169.208,
0,-32.4862,-32.3941,0,0,-32.1934,-32.558,0,0,0,-0.949923,-2.36609,169.203,
0,-32.6133,-32.5212,0,0,-32.3186,-32.6869,0,0,0,-0.952485,-2.38018,169.212,
0,-32.7532,-32.6648,0,0,-32.4604,-32.8306,0,0,0,-0.940724,-2.39568,169.201,
0,-32.8785,-32.7901,0,0,-32.5875,-32.9724,0,0,0,-0.962329,-2.38149,169.21,
0,-33.0203,-32.9337,0,0,-32.7311,-33.1013,0,0,0,-0.964765,-2.35829,169.195,
0,-33.1455,-33.0608,0,0,-32.8582,-33.2449,0,0,0,-0.934966,-2.37127,169.193,
0,-33.2854,-33.2026,0,0,-33,-33.3738,0,0,0,-0.946873,-2.32713,169.181,
0,-33.4107,-33.3297,0,0,-33.1271,-33.5175,0,0,0,-0.948392,-2.34986,169.184,
0,-33.5506,-33.4715,0,0,-33.2689,-33.6464,0,0,0,-0.966331,-2.34902,169.19,
0,-33.6906,-33.5985,0,0,-33.396,-33.7901,0,0,0,-0.942315,-2.38255,169.182,
0,-33.8177,-33.7403,0,0,-33.5378,-33.9171,0,0,0,-0.945169,-2.3758,169.187,
0,-33.9576,-33.884,0,0,-33.6796,-34.0608,0,0,0,-0.948992,-2.3802,169.179,
0,-34.0829,-34.0129,0,0,-33.8066,-34.1897,0,0,0,-0.942455,-2.38073,169.177,
0,-34.2247,-34.1547,0,0,-33.9484,-34.3315,0,0,0,-0.932856,-2.37965,169.177,
0,-34.3499,-34.2818,0,0,-34.0755,-34.4751,0,0,0,-0.936314,-2.35734,169.181,
0,-34.4917,-34.4254,0,0,-34.2173,-34.6041,0,0,0,-0.937293,-2.38903,169.185,
0,-34.6169,-34.5525,0,0,-34.3444,-34.7459,0,0,0,-0.923438,-2.38465,169.192,
0,-34.7569,-34.6943,0,0,-34.488,-34.8748,0,0,0,-0.935081,-2.38295,169.197,
0,-34.8969,-34.8214,0,0,-34.6133,-35.0184,0,0,0,-0.960411,-2.37018,169.189,
0,-35.0221,-34.965,0,0,-34.7551,-35.1455,0,0,0,-0.943457,-2.37642,169.191,
0,-35.1639,-35.0921,0,0,-34.8803,-35.2891,0,0,0,-0.969024,-2.3628,169.191,
0,-35.2891,-35.2357,0,0,-35.0203,-35.4328,0,0,0,-0.952442,-2.35637,169.185,
0,-35.4309,-35.3628,0,0,-35.1621,-35.5599,0,0,0,-0.962305,-2.35869,169.182,
0,-35.5562,-35.5064,0,0,-35.2891,-35.7035,0,0,0,-0.943634,-2.38507,169.187,
0,-35.6961,-35.6335,0,0,-35.4309,-35.8324,0,0,0,-0.930863,-2.39838,169.188,
0,-35.8195,-35.7772,0,0,-35.558,-35.9761,0,0,0,-0.938507,-2.40621,169.191,
0,-35.9595,-35.9042,0,0,-35.7017,-36.1031,0,0,0,-0.926004,-2.40675,169.191,
0,-36.1013,-36.0479,0,0,-35.8287,-36.2468,0,0,0,-0.935729,-2.39199,169.205,
0,-36.2265,-36.175,0,0,-35.9705,-36.3886,0,0,0,-0.925871,-2.3956,169.204,
0,-36.3665,-36.3186,0,0,-36.0976,-36.5157,0,0,0,-0.927179,-2.38659,169.188,
0,-36.4917,-36.4457,0,0,-36.2413,-36.6593,0,0,0,-0.925984,-2.35298,169.188,
0,-36.6354,-36.5875,0,0,-36.3665,-36.7882,0,0,0,-0.918069,-2.36752,169.188,
0,-36.7588,-36.7164,0,0,-36.5101,-36.9337,0,0,0,-0.923697,-2.37925,169.197,
0,-36.9006,-36.86,0,0,-36.6354,-37.0608,0,0,0,-0.933786,-2.38054,169.204,
0,-37.0258,-36.9871,0,0,-36.7772,-37.2044,0,0,0,-0.923877,-2.40187,169.201,
0,-37.1657,-37.1308,0,0,-36.9042,-37.3315,0,0,0,-0.93847,-2.36392,169.195,
0,-37.3057,-37.2578,0,0,-37.046,-37.4751,0,0,0,-0.937572,-2.3509,169.2,
0,-37.4309,-37.3996,0,0,-37.1713,-37.6022,0,0,0,-0.942405,-2.37291,169.188,
0,-37.5709,-37.5267,0,0,-37.3149,-37.7459,0,0,0,-0.93523,-2.35421,169.186,
0,-37.6961,-37.6704,0,0,-37.4567,-37.8895,0,0,0,-0.931031,-2.34975,169.185,
0,-37.8379,-37.7974,0,0,-37.5838,-38.0184,0,0,0,-0.926778,-2.35051,169.18,
0,-37.9632,-37.9392,0,0,-37.7256,-38.1621,0,0,0,-0.939069,-2.36559,169.187,
0,-38.1031,-38.0663,0,0,-37.8527,-38.291,0,0,0,-0.930011,-2.3785,169.185,
0,-38.2431,-38.2081,0,0,-37.9945,-38.4346,0,0,0,-0.913226,-2.38245,169.183,
0,-38.3702,-38.3499,0,0,-38.1197,-38.5635,0,0,0,-0.915518,-2.37978,169.171,
0,-38.5101,-38.4788,0,0,-38.2634,-38.7053,0,0,0,-0.914009,-2.37298,169.174,
0,-38.6372,-38.6206,0,0,-38.3886,-38.8343,0,0,0,-0.931342,-2.33945,169.181,
0,-38.7772,-38.7459,0,0,-38.5322,-38.9779,0,0,0,-0.954815,-2.35149,169.183,
0,-38.9042,-38.8895,0,0,-38.6575,-39.105,0,0,0,-0.957475,-2.34678,169.193,
0,-39.046,-39.0184,0,0,-38.7993,-39.2486,0,0,0,-0.937451,-2.3658,169.184,
0,-39.1713,-39.1602,0,0,-38.9245,-39.3941,0,0,0,-0.923269,-2.36503,169.171,
0,-39.3112,-39.2891,0,0,-39.0681,-39.523,0,0,0,-0.912288,-2.40208,169.17,
0,-39.4365,-39.4309,0,0,-39.2081,-39.6667,0,0,0,-0.933709,-2.39392,169.183,
0,-39.5783,-39.558,0,0,-39.3352,-39.7937,0,0,0,-0.937657,-2.38474,169.177,
0,-39.7182,-39.6998,0,0,-39.477,-39.9374,0,0,0,-0.951286,-2.3683,169.176,
0,-39.8435,-39.8269,0,0,-39.6022,-40.0663,0,0,0,-0.943738,-2.35776,169.164,
0,-39.9853,-39.9687,0,0,-39.7459,-40.2099,0,0,0,-0.948236,-2.34622,169.157,
0,-40.1105,-40.0976,0,0,-39.8729,-40.3389,0,0,0,-0.950935,-2.35008,169.164,
0,-40.2523,-40.2394,0,0,-40.0147,-40.4843,0,0,0,-0.949668,-2.35296,169.171,
0,-40.3794,-40.3812,0,0,-40.14,-40.6114,0,0,0,-0.947217,-2.36883,169.166,
0,-40.5212,-40.5101,0,0,-40.2854,-40.7569,0,0,0,-0.949599,-2.37835,169.172,
0,-40.6464,-40.6538,0,0,-40.4107,-40.884,0,0,0,-0.946769,-2.39538,169.168,
0,-40.7901,-40.779,0,0,-40.5543,-41.0295,0,0,0,-0.93399,-2.41184,169.162,
0,-40.9134,-40.9208,0,0,-40.6814,-41.1584,0,0,0,-0.945266,-2.38235,169.169,
0,-41.0553,-41.0479,0,0,-40.8251,-41.3039,0,0,0,-0.951931,-2.37847,169.177,
0,-41.1805,-41.1915,0,0,-40.9503,-41.4309,0,0,0,-0.94434,-2.36505,169.172,
0,-41.3204,-41.3186,0,0,-41.0921,-41.5746,0,0,0,-0.949399,-2.34721,169.172,
0,-41.4604,-41.4604,0,0,-41.2339,-41.7017,0,0,0,-0.960763,-2.36119,169.165,
0,-41.5875,-41.5893,0,0,-41.3591,-41.8453,0,0,0,-0.950333,-2.35302,169.158,
0,-41.7274,-41.733,0,0,-41.5009,-41.9742,0,0,0,-0.951763,-2.34236,169.158,
0,-41.8527,-41.86,0,0,-41.6262,-42.1179,0,0,0,-0.938143,-2.36929,169.156,
0,-41.9963,-42.0018,0,0,-41.7698,-42.2597,0,0,0,-0.954217,-2.37786,169.172,
0,-42.1197,-42.1308,0,0,-41.8969,-42.3886,0,0,0,-0.946317,-2.36783,169.161,
0,-42.2634,-42.2744,0,0,-42.0405,-42.5322,0,0,0,-0.951582,-2.37566,169.172,
0,-42.3886,-42.4015,0,0,-42.1657,-42.6611,0,0,0,-0.939974,-2.36262,169.168,
0,-42.5285,-42.5433,0,0,-42.3094,-42.8048,0,0,0,-0.938648,-2.37109,169.177,
0,-42.6538,-42.6704,0,0,-42.4365,-42.9337,0,0,0,-0.945611,-2.39659,169.182,
0,-42.7956,-42.8122,0,0,-42.5783,-43.0755,0,0,0,-0.98281,-2.3611,169.186,
0,-42.9227,-42.9392,0,0,-42.7053,-43.2044,0,0,0,-0.973453,-2.35294,169.19,
0,-43.0626,-43.081,0,0,-42.8471,-43.3481,0,0,0,-0.953578,-2.34451,169.187,
0,-43.2026,-43.2081,0,0,-42.9742,-43.4751,0,0,0,-0.955263,-2.34702,169.191,
0,-43.3278,-43.3517,0,0,-43.116,-43.6206,0,0,0,-0.978087,-2.3258,169.2,
0,-43.4678,-43.4936,0,0,-43.2413,-43.7643,0,0,0,-0.980529,-2.31876,169.19,
0,-43.593,-43.6206,0,0,-43.3831,-43.8932,0,0,0,-0.956668,-2.33707,169.182,
0,-43.7348,-43.7624,0,0,-43.5249,-44.0368,0,0,0,-0.971376,-2.35507,169.191,
0,-43.86,-43.8913,0,0,-43.6501,-44.1657,0,0,0,-0.947345,-2.37214,169.186,
0,-44.0018,-44.0331,0,0,-43.7919,-44.3094,0,0,0,-0.954492,-2.38525,169.195,
0,-44.1271,-44.1621,0,0,-43.919,-44.4383,0,0,0,-0.931324,-2.39208,169.185,
0,-44.2689,-44.3039,0,0,-44.0608,-44.582,0,0,0,-0.943521,-2.36617,169.189,
0,-44.4088,-44.4309,0,0,-44.186,-44.709,0,0,0,-0.953021,-2.39989,169.205,
0,-44.5359,-44.5727,0,0,-44.3278,-44.8545,0,0,0,-0.941032,-2.42438,169.205,
0,-44.6759,-44.6998,0,0,-44.4549,-44.9816,0,0,0,-0.931355,-2.4084,169.205,
0,-44.8011,-44.8416,0,0,-44.5967,-45.1252,0,0,0,-0.929975,-2.39891,169.204,
0,-44.9448,-44.9687,0,0,-44.7385,-45.2523,0,0,0,-0.935475,-2.39567,169.205,
0,-45.07,-45.1123,0,0,-44.8656,-45.396,0,0,0,-0.919884,-2.4089,169.198,
0,-45.2118,-45.2541,0,0,-45.0074,-45.5249,0,0,0,-0.924197,-2.41933,169.194,
0,-45.337,-45.3831,0,0,-45.1344,-45.6685,0,0,0,-0.941947,-2.3681,169.2,
0,-45.477,-45.5249,0,0,-45.2762,-45.8122,0,0,0,-0.943845,-2.38494,169.199,
0,-45.6169,-45.6519,0,0,-45.4015,-45.9411,0,0,0,-0.939713,-2.39644,169.196,
0,-45.744,-45.7956,0,0,-45.5451,-46.0866,0,0,0,-0.944016,-2.37753,169.194,
0,-45.884,-45.9227,0,0,-45.6703,-46.2155,0,0,0,-0.940617,-2.38713,169.194,
0,-46.0111,-46.0645,0,0,-45.814,-46.3591,0,0,0,-0.940913,-2.38442,169.192,
0,-46.151,-46.1934,0,0,-45.9392,-46.488,0,0,0,-0.922253,-2.37647,169.174,
0,-46.2781,-46.337,0,0,-46.081,-46.6317,0,0,0,-0.921252,-2.41106,169.176,
0,-46.4181,-46.4641,0,0,-46.2081,-46.7587,0,0,0,-0.923228,-2.40306,169.17,
0,-46.5451,-46.6059,0,0,-46.3499,-46.9042,0,0,0,-0.930644,-2.40498,169.177,
0,-46.6869,-46.733,0,0,-46.4917,-47.0313,0,0,0,-0.939619,-2.39048,169.175,
0,-46.8122,-46.8748,0,0,-46.6188,-47.175,0,0,0,-0.945425,-2.39686,169.176,
0,-46.954,-47.0037,0,0,-46.7606,-47.302,0,0,0,-0.964729,-2.38924,169.183,
0,-47.0939,-47.1473,0,0,-46.8877,-47.4457,0,0,0,-0.960718,-2.37496,169.179,
0,-47.221,-47.2744,0,0,-47.0295,-47.5727,0,0,0,-0.941523,-2.39089,169.184,
0,-47.361,-47.4162,0,0,-47.1565,-47.7164,0,0,0,-0.963578,-2.37255,169.194,
0,-47.4862,-47.5433,0,0,-47.2983,-47.86,0,0,0,-0.966863,-2.37224,169.195,
0,-47.6262,-47.6851,0,0,-47.4254,-47.9871,0,0,0,-0.951407,-2.38407,169.196,
0,-47.7514,-47.8122,0,0,-47.5672,-48.1308,0,0,0,-0.939184,-2.37326,169.173,
0,-47.8932,-47.9558,0,0,-47.6924,-48.2578,0,0,0,-0.931023,-2.35389,169.172,
0,-48.0331,-48.0829,0,0,-47.8361,-48.4015,0,0,0,-0.943251,-2.36176,169.176,
0,-48.1602,-48.2247,0,0,-47.9613,-48.5304,0,0,0,-0.936885,-2.35169,169.17,
0,-48.3002,-48.3665,0,0,-48.1031,-48.6722,0,0,0,-0.936607,-2.34561,169.171,
0,-48.4254,-48.4954,0,0,-48.2449,-48.8158,0,0,0,-0.936998,-2.37282,169.176,
0,-48.5672,-48.6372,0,0,-48.372,-48.9448,0,0,0,-0.943453,-2.3759,169.184,
0,-48.6924,-48.7643,0,0,-48.5138,-49.0884,0,0,0,-0.947593,-2.37577,169.181,
0,-48.8343,-48.9079,0,0,-48.639,-49.2173,0,0,0,-0.950899,-2.35736,169.175,
0,-48.9613,-49.035,0,0,-48.7827,-49.3628,0,0,0,-0.933455,-2.37665,169.174,
0,-49.1031,-49.1768,0,0,-48.9098,-49.4917,0,0,0,-0.947772,-2.37349,169.187,
0,-49.2265,-49.3039,0,0,-49.0516,-49.6354,0,0,0,-0.923268,-2.38064,169.19,
0,-49.3683,-49.4475,0,0,-49.1768,-49.7643,0,0,0,-0.926534,-2.3891,169.183,
0,-49.5083,-49.5746,0,0,-49.3204,-49.9079,0,0,0,-0.933784,-2.38462,169.184,
0,-49.6335,-49.7182,0,0,-49.4475,-50.0368,0,0,0,-0.947921,-2.37274,169.182,
0,-49.7753,-49.8435,0,0,-49.5875,-50.1823,0,0,0,-0.961088,-2.35955,169.186,
0,-49.9006,-49.9853,0,0,-49.7146,-50.3094,0,0,0,-0.972041,-2.36861,169.184,
0,-50.0405,-50.1123,0,0,-49.8564,-50.453,0,0,0,-0.975716,-2.37344,169.182,
0,-50.1805,-50.256,0,0,-49.9982,-50.582,0,0,0,-0.94969,-2.38301,169.176,
0,-50.3076,-50.3812,0,0,-50.1252,-50.7256,0,0,0,-0.939984,-2.38302,169.163,
0,-50.4494,-50.5249,0,0,-50.267,-50.8527,0,0,0,-0.943572,-2.35586,169.168,
0,-50.5746,-50.6667,0,0,-50.3941,-50.9963,0,0,0,-0.940085,-2.35805,169.168,
0,-50.7164,-50.7919,0,0,-50.5359,-51.1252,0,0,0,-0.946818,-2.35769,169.173,
0,-50.8416,-50.9355,0,0,-50.6611,-51.267,0,0,0,-0.971309,-2.34955,169.176,
0,-50.9834,-51.0626,0,0,-50.8048,-51.4107,0,0,0,-0.960108,-2.33702,169.164,
0,-51.1105,-51.2044,0,0,-50.93,-51.5396,0,0,0,-0.948656,-2.35358,169.169,
0,-51.2505,-51.3315,0,0,-51.0737,-51.6814,0,0,0,-0.950718,-2.36326,169.186,
0,-51.3757,-51.4733,0,0,-51.2007,-51.8103,0,0,0,-0.93869,-2.36655,169.181,
0,-51.5157,-51.6004,0,0,-51.3444,-51.9558,0,0,0,-0.93935,-2.35861,169.174,
0,-51.6575,-51.744,0,0,-51.4696,-52.0829,0,0,0,-0.933784,-2.36554,169.176,
0,-51.7827,-51.8858,0,0,-51.6114,-52.2284,0,0,0,-0.935174,-2.3716,169.177,
0,-51.9245,-52.0147,0,0,-51.7532,-52.3536,0,0,0,-0.939492,-2.33568,169.177,
0,-52.0497,-52.1418,0,0,-51.8785,-52.4972,0,0,0,-0.949954,-2.32336,169.185,
0,-52.1915,-52.2836,0,0,-52.0203,-52.6243,0,0,0,-0.959629,-2.33529,169.182,
0,-52.3168,-52.4254,0,0,-52.1455,-52.7698,0,0,0,-0.955055,-2.34031,169.177,
0,-52.4586,-52.5525,0,0,-52.2891,-52.9134,0,0,0,-0.977099,-2.33413,169.188,
0,-52.5838,-52.6943,0,0,-52.4144,-53.0405,0,0,0,-0.966994,-2.32874,169.167,
0,-52.7238,-52.8232,0,0,-52.558,-53.1842,0,0,0,-0.967264,-2.32114,169.169,
0,-52.8656,-52.965,0,0,-52.6832,-53.3131,0,0,0,-0.965702,-2.34668,169.176,
0,-52.9908,-53.0921,0,0,-52.825,-53.4567,0,0,0,-0.95545,-2.36519,169.159,
0,-53.1326,-53.2339,0,0,-52.9669,-53.5856,0,0,0,-0.966137,-2.34143,169.165,
0,-53.2578,-53.361,0,0,-53.0939,-53.7311,0,0,0,-0.971163,-2.34116,169.149,
0,-53.3996,-53.5028,0,0,-53.2357,-53.86,0,0,0,-0.984797,-2.3542,169.143,
0,-53.523,-53.6446,0,0,-53.3628,-54.0037,0,0,0,-0.970036,-2.34215,169.139,
0,-53.6648,-53.7735,0,0,-53.5046,-54.1326,0,0,0,-0.972478,-2.3373,169.138,
0,-53.7901,-53.9153,0,0,-53.6298,-54.2762,0,0,0,-0.961192,-2.35414,169.135,
0,-53.93,-54.0424,0,0,-53.7753,-54.4052,0,0,0,-0.956159,-2.384,169.142,
0,-54.0718,-54.186,0,0,-53.9006,-54.5488,0,0,0,-0.948833,-2.40152,169.141,
0,-54.1971,-54.3131,0,0,-54.0442,-54.6759,0,0,0,-0.937331,-2.40461,169.131,
0,-54.337,-54.4549,0,0,-54.1694,-54.8214,0,0,0,-0.938473,-2.38182,169.138,
0,-54.4622,-54.5838,0,0,-54.3112,-54.9503,0,0,0,-0.950901,-2.3886,169.129,
0,-54.6041,-54.7274,0,0,-54.4383,-55.0939,0,0,0,-0.959251,-2.37525,169.138,
0,-54.744,-54.8545,0,0,-54.582,-55.2228,0,0,0,-0.961117,-2.37543,169.145,
0,-54.8711,-54.9963,0,0,-54.709,-55.3646,0,0,0,-0.941392,-2.40374,169.154,
0,-55.0111,-55.1234,0,0,-54.8508,-55.4936,0,0,0,-0.928377,-2.41275,169.154,
0,-55.1381,-55.2652,0,0,-54.9779,-55.6372,0,0,0,-0.945678,-2.39869,169.161,
0,-55.2781,-55.3904,0,0,-55.1215,-55.779,0,0,0,-0.935305,-2.3926,169.163,
0,-55.4033,-55.5341,0,0,-55.2486,-55.9079,0,0,0,-0.942035,-2.39471,169.163,
0,-55.5451,-55.6759,0,0,-55.3886,-56.0516,0,0,0,-0.94145,-2.37745,169.165,
0,-55.6703,-55.8029,0,0,-55.5322,-56.1805,0,0,0,-0.957487,-2.3753,169.168,
0,-55.814,-55.9466,0,0,-55.6575,-56.3241,0,0,0,-0.940983,-2.36331,169.163,
0,-55.9392,-56.0718,0,0,-55.7993,-56.453,0,0,0,-0.942083,-2.38318,169.166,
0,-56.081,-56.2155,0,0,-55.9263,-56.5967,0,0,0,-0.956913,-2.35975,169.164,
0,-56.2081,-56.3425,0,0,-56.07,-56.7256,0,0,0,-0.93781,-2.34682,169.155,
0,-56.3481,-56.4862,0,0,-56.1971,-56.8692,0,0,0,-0.952462,-2.35459,169.152,
0,-56.488,-56.6133,0,0,-56.3389,-56.9963,0,0,0,-0.935923,-2.35395,169.149,
0,-56.6151,-56.7569,0,0,-56.4641,-57.1418,0,0,0,-0.946267,-2.34798,169.162,
0,-56.7551,-56.8858,0,0,-56.6059,-57.2707,0,0,0,-0.961318,-2.31993,169.164,
0,-56.8803,-57.0276,0,0,-56.733,-57.4144,0,0,0,-0.959606,-2.32957,169.166,
0,-57.0221,-57.1565,0,0,-56.8748,-57.5433,0,0,0,-0.944026,-2.33721,169.159,
0,-57.1473,-57.3002,0,0,-57.0147,-57.6869,0,0,0,-0.951781,-2.36532,169.156,
0,-57.2873,-57.4273,0,0,-57.1418,-57.8158,0,0,0,-0.951292,-2.33032,169.151,
0,-57.4273,-57.5691,0,0,-57.2836,-57.9595,0,0,0,-0.945309,-2.32854,169.145,
0,-57.5543,-57.6961,0,0,-57.4107,-58.0902,0,0,0,-0.956643,-2.33953,169.145,
0,-57.6961,-57.8398,0,0,-57.5525,-58.2339,0,0,0,-0.964799,-2.33491,169.155,
0,-57.8214,-57.9669,0,0,-57.6796,-58.3628,0,0,0,-0.970058,-2.33936,169.146,
0,-57.9632,-58.1105,0,0,-57.8214,-58.5065,0,0,0,-0.947966,-2.35247,169.14,
0,-58.0884,-58.2376,0,0,-57.9484,-58.6335,0,0,0,-0.953473,-2.34587,169.145,
0,-58.232,-58.3794,0,0,-58.0902,-58.7772,0,0,0,-0.930951,-2.35713,169.132,
0,-58.3573,-58.5046,0,0,-58.2173,-58.9061,0,0,0,-0.933911,-2.36139,169.131,
0,-58.4991,-58.6483,0,0,-58.3573,-59.0479,0,0,0,-0.926052,-2.37857,169.128,
0,-58.6225,-58.7753,0,0,-58.4991,-59.1915,0,0,0,-0.944606,-2.37604,169.142,
0,-58.7643,-58.919,0,0,-58.6262,-59.3204,0,0,0,-0.966773,-2.38505,169.154,
0,-58.9042,-59.0608,0,0,-58.768,-59.4641,0,0,0,-0.968465,-2.39158,169.15,
0,-59.0295,-59.1897,0,0,-58.895,-59.5912,0,0,0,-0.955213,-2.37523,169.143,
0,-59.1713,-59.3315,0,0,-59.0387,-59.7366,0,0,0,-0.970417,-2.38652,169.137,
0,-59.2965,-59.4586,0,0,-59.1639,-59.8656,0,0,0,-0.97333,-2.37956,169.142,
0,-59.4383,-59.6004,0,0,-59.3076,-60.0092,0,0,0,-0.98708,-2.37058,169.155,
0,-59.5635,-59.7293,0,0,-59.4328,-60.1381,0,0,0,-0.9716,-2.37066,169.152,
0,-59.7053,-59.8711,0,0,-59.5746,-60.2818,0,0,0,-0.980987,-2.3714,169.153,
0,-59.8324,-59.9982,0,0,-59.7017,-60.4088,0,0,0,-0.98061,-2.36945,169.143,
0,-59.9724,-60.14,0,0,-59.8435,-60.5525,0,0,0,-0.958823,-2.39143,169.138,
0,-60.0976,-60.267,0,0,-59.9705,-60.6814,0,0,0,-0.97112,-2.37442,169.126,
0,-60.2394,-60.4107,0,0,-60.1123,-60.825,0,0,0,-0.937398,-2.38311,169.117,
0,-60.3794,-60.5378,0,0,-60.2541,-60.9687,0,0,0,-0.961447,-2.36384,169.131,
0,-60.5046,-60.6796,0,0,-60.3812,-61.0958,0,0,0,-0.974521,-2.35829,169.139,
0,-60.6464,-60.8066,0,0,-60.523,-61.2394,0,0,0,-0.961629,-2.34258,169.137,
0,-60.7716,-60.9484,0,0,-60.6483,-61.3683,0,0,0,-0.969809,-2.34256,169.139,
0,-60.9153,-61.0921,0,0,-60.7919,-61.512,0,0,0,-0.97231,-2.33855,169.139,
0,-61.0405,-61.2192,0,0,-60.9171,-61.6409,0,0,0,-0.965741,-2.34518,169.157,
0,-61.1805,-61.3462,0,0,-61.0589,-61.7845,0,0,0,-0.953373,-2.36117,169.15,
0,-61.3057,-61.488,0,0,-61.186,-61.9116,0,0,0,-0.948993,-2.35847,169.145,
0,-61.4457,-61.6298,0,0,-61.3297,-62.0553,0,0,0,-0.945146,-2.38007,169.145,
0,-61.5875,-61.7569,0,0,-61.4567,-62.1823,0,0,0,-0.938778,-2.37954,169.147,
0,-61.7127,-61.9006,0,0,-61.5985,-62.326,0,0,0,-0.946746,-2.37653,169.153,
0,-61.8545,-62.0276,0,0,-61.7256,-62.4696,0,0,0,-0.94377,-2.37337,169.148,
0,-61.9797,-62.1713,0,0,-61.8674,-62.5967,0,0,0,-0.943645,-2.37518,169.154,
0,-62.1215,-62.2983,0,0,-62.0092,-62.7403,0,0,0,-0.940763,-2.36781,169.151,
0,-62.2486,-62.442,0,0,-62.1363,-62.8674,0,0,0,-0.947378,-2.37853,169.162,
0,-62.3904,-62.5691,0,0,-62.2781,-63.0111,0,0,0,-0.957959,-2.38567,169.152,
0,-62.5157,-62.7127,0,0,-62.4052,-63.14,0,0,0,-0.950708,-2.39269,169.151,
0,-62.6556,-62.8398,0,0,-62.5488,-63.2836,0,0,0,-0.94008,-2.36894,169.152,
0,-62.7808,-62.9834,0,0,-62.674,-63.4273,0,0,0,-0.930463,-2.38214,169.153,
0,-62.9227,-63.1105,0,0,-62.8177,-63.5543,0,0,0,-0.930122,-2.37125,169.159,
0,-63.0497,-63.2541,0,0,-62.9448,-63.698,0,0,0,-0.945603,-2.36507,169.163,
0,-63.1897,-63.3794,0,0,-63.0884,-63.8269,0,0,0,-0.936949,-2.35556,169.162,
0,-63.3297,-63.5212,0,0,-63.2136,-63.9705,0,0,0,-0.958487,-2.35624,169.169,
0,-63.4567,-63.6483,0,0,-63.3573,-64.0994,0,0,0,-0.956075,-2.34686,169.166,
0,-63.5967,-63.7901,0,0,-63.4825,-64.2431,0,0,0,-0.961936,-2.34969,169.163,
0,-63.7238,-63.9337,0,0,-63.6243,-64.372,0,0,0,-0.958067,-2.33736,169.162,
0,-63.8656,-64.0608,0,0,-63.7514,-64.5175,0,0,0,-0.940476,-2.35531,169.162,
0,-63.9908,-64.2026,0,0,-63.8932,-64.6446,0,0,0,-0.937126,-2.37541,169.156,
0,-64.1308,-64.3297,0,0,-64.035,-64.7901,0,0,0,-0.942385,-2.36639,169.155,
0,-64.256,-64.4733,0,0,-64.1621,-64.9171,0,0,0,-0.921463,-2.36559,169.147,
0,-64.3978,-64.6004,0,0,-64.3039,-65.0608,0,0,0,-0.932683,-2.36933,169.146,
0,-64.5249,-64.7422,0,0,-64.4309,-65.1879,0,0,0,-0.960884,-2.35118,169.152,
0,-64.6648,-64.8692,0,0,-64.5727,-65.3315,0,0,0,-0.949557,-2.35512,169.15,
0,-64.8048,-65.0129,0,0,-64.6998,-65.4751,0,0,0,-0.960155,-2.3543,169.155,
0,-64.93,-65.14,0,0,-64.8416,-65.604,0,0,0,-0.969895,-2.35175,169.167,
0,-65.0718,-65.2836,0,0,-64.9687,-65.7477,0,0,0,-0.970934,-2.34952,169.168,
0,-65.1971,-65.4107,0,0,-65.1105,-65.8748,0,0,0,-0.95184,-2.3655,169.167,
0,-65.3389,-65.5562,0,0,-65.2357,-66.0184,0,0,0,-0.939255,-2.36197,169.162,
0,-65.4641,-65.6814,0,0,-65.3794,-66.1455,0,0,0,-0.924367,-2.36999,169.168,
0,-65.6077,-65.8251,0,0,-65.5212,-66.2891,0,0,0,-0.922783,-2.37146,169.17,
0,-65.733,-65.9521,0,0,-65.6464,-66.4181,0,0,0,-0.91732,-2.37318,169.173,
0,-65.8729,-66.0958,0,0,-65.7882,-66.5617,0,0,0,-0.929365,-2.37672,169.178,
0,-65.9982,-66.2228,0,0,-65.9153,-66.7053,0,0,0,-0.963969,-2.36622,169.183,
0,-66.1381,-66.3665,0,0,-66.0571,-66.8343,0,0,0,-0.961479,-2.36442,169.177,
0,-66.2799,-66.4917,0,0,-66.1842,-66.9779,0,0,0,-0.933439,-2.37747,169.169,
0,-66.4052,-66.6335,0,0,-66.3278,-67.1068,0,0,0,-0.930448,-2.38141,169.154,
0,-66.547,-66.7606,0,0,-66.4549,-67.2505,0,0,0,-0.94694,-2.36174,169.151,
0,-66.6703,-66.9024,0,0,-66.5967,-67.3812,0,0,0,-0.951051,-2.3791,169.144,
0,-66.814,-67.046,0,0,-66.7219,-67.523,0,0,0,-0.937642,-2.36732,169.149,
0,-66.9392,-67.1731,0,0,-66.8637,-67.6538,0,0,0,-0.93437,-2.39319,169.159,
0,-67.0792,-67.3149,0,0,-67.0055,-67.7974,0,0,0,-0.933615,-2.38428,169.149,
0,-67.2063,-67.442,0,0,-67.1326,-67.9245,0,0,0,-0.95263,-2.37632,169.14,
0,-67.3462,-67.5856,0,0,-67.2744,-68.0681,0,0,0,-0.939872,-2.36422,169.14,
0,-67.4862,-67.7109,0,0,-67.4015,-68.1971,0,0,0,-0.950642,-2.34617,169.136,
0,-67.6133,-67.8545,0,0,-67.5433,-68.3407,0,0,0,-0.950917,-2.35396,169.127,
0,-67.7532,-67.9797,0,0,-67.6685,-68.4678,0,0,0,-0.934282,-2.36534,169.119,
0,-67.8785,-68.1234,0,0,-67.8122,-68.6114,0,0,0,-0.93888,-2.35375,169.116,
0,-68.0203,-68.2486,0,0,-67.9374,-68.7532,0,0,0,-0.961504,-2.3619,169.122,
0,-68.1436,-68.3923,0,0,-68.0792,-68.8821,0,0,0,-0.969943,-2.36109,169.127,
0,-68.2855,-68.5341,0,0,-68.2044,-69.0258,0,0,0,-0.9665,-2.36898,169.132,
0,-68.4107,-68.6611,0,0,-68.3462,-69.1547,0,0,0,-0.98272,-2.36015,169.126,
0,-68.5507,-68.8029,0,0,-68.488,-69.2983,0,0,0,-0.950482,-2.34783,169.125,
0,-68.6925,-68.93,0,0,-68.6151,-69.4273,0,0,0,-0.944479,-2.34398,169.132,
0,-68.8158,-69.0718,0,0,-68.7569,-69.5691,0,0,0,-0.971012,-2.34811,169.132,
0,-68.9576,-69.1989,0,0,-68.8821,-69.6961,0,0,0,-0.957109,-2.34698,169.131,
0,-69.0829,-69.3425,0,0,-69.0258,-69.8398,0,0,0,-0.941604,-2.35739,169.129,
0,-69.2228,-69.4696,0,0,-69.151,-69.9834,0,0,0,-0.956004,-2.35905,169.117,
0,-69.3628,-69.6114,0,0,-69.2928,-70.1123,0,0,0,-0.969178,-2.33702,169.116,
0,-69.4899,-69.7385,0,0,-69.4199,-70.256,0,0,0,-0.939667,-2.36094,169.117,
0,-69.6298,-69.8803,0,0,-69.5617,-70.3849,0,0,0,-0.93333,-2.37196,169.118,
0,-69.7569,-70.0092,0,0,-69.7035,-70.5304,0,0,0,-0.941477,-2.36845,169.117,
0,-69.8987,-70.151,0,0,-69.8287,-70.6575,0,0,0,-0.966424,-2.3858,169.121,
0,-70.0239,-70.2928,0,0,-69.9705,-70.8011,0,0,0,-0.956486,-2.37108,169.117,
0,-70.1657,-70.4199,0,0,-70.0976,-70.9282,0,0,0,-0.944028,-2.36427,169.117,
0,-70.291,-70.5617,0,0,-70.2413,-71.0718,0,0,0,-0.926127,-2.37572,169.116,
0,-70.4309,-70.6888,0,0,-70.3665,-71.2007,0,0,0,-0.960611,-2.35926,169.128,
0,-70.558,-70.8324,0,0,-70.5101,-71.3444,0,0,0,-0.958774,-2.34662,169.115,
0,-70.698,-70.9595,0,0,-70.6372,-71.4862,0,0,0,-0.954657,-2.36158,169.12,
0,-70.8232,-71.1013,0,0,-70.7808,-71.6151,0,0,0,-0.949185,-2.36596,169.118,
0,-70.965,-71.2302,0,0,-70.9079,-71.7606,0,0,0,-0.918674,-2.35674,169.11,
0,-71.105,-71.3739,0,0,-71.0497,-71.8895,0,0,0,-0.914937,-2.35057,169.117,
0,-71.2302,-71.4991,0,0,-71.175,-72.0331,0,0,0,-0.902229,-2.37803,169.122,
0,-71.3702,-71.6427,0,0,-71.3186,-72.1621,0,0,0,-0.921251,-2.38371,169.138,
0,-71.4954,-71.7698,0,0,-71.4457,-72.3057,0,0,0,-0.923281,-2.38243,169.146,
0,-71.6354,-71.9134,0,0,-71.5875,-72.4346,0,0,0,-0.931473,-2.3737,169.147,
0,-71.7606,-72.0405,0,0,-71.7145,-72.5801,0,0,0,-0.946633,-2.34503,169.13,
0,-71.9024,-72.1842,0,0,-71.8564,-72.7072,0,0,0,-0.930481,-2.37443,169.144,
0,-72.0424,-72.3112,0,0,-71.9834,-72.8508,0,0,0,-0.937154,-2.38083,169.147,
0,-72.1694,-72.453,0,0,-72.1234,-72.9779,0,0,0,-0.949077,-2.35021,169.142,
0,-72.3094,-72.5801,0,0,-72.2652,-73.1197,0,0,0,-0.927535,-2.33391,169.13,
0,-72.4346,-72.7219,0,0,-72.3923,-73.2486,0,0,0,-0.94028,-2.34189,169.145,
0,-72.5764,-72.849,0,0,-72.5341,-73.3904,0,0,0,-0.943719,-2.33985,169.155,
0,-72.7017,-72.9908,0,0,-72.6611,-73.5341,0,0,0,-0.930915,-2.34714,169.143,
0,-72.8453,-73.1344,0,0,-72.8029,-73.663,0,0,0,-0.920901,-2.35477,169.138,
0,-72.9705,-73.2615,0,0,-72.9282,-73.8066,0,0,0,-0.937291,-2.33777,169.136,
0,-73.1105,-73.4052,0,0,-73.0718,-73.9355,0,0,0,-0.945649,-2.35444,169.144,
0,-73.2357,-73.5322,0,0,-73.1989,-74.081,0,0,0,-0.961066,-2.38059,169.141,
0,-73.3775,-73.6759,0,0,-73.3389,-74.2081,0,0,0,-0.97374,-2.33788,169.142,
0,-73.5175,-73.8029,0,0,-73.4659,-74.3518,0,0,0,-0.958054,-2.34094,169.128,
0,-73.6427,-73.9466,0,0,-73.6077,-74.4807,0,0,0,-0.956705,-2.33004,169.124,
0,-73.7845,-74.0737,0,0,-73.7495,-74.6243,0,0,0,-0.95751,-2.33402,169.128,
0,-73.9098,-74.2007,0,0,-73.8766,-74.7514,0,0,0,-0.957796,-2.32761,169.123,
0,-74.0516,-74.3444,0,0,-74.0184,-74.895,0,0,0,-0.968236,-2.35548,169.136,
0,-74.1768,-74.488,0,0,-74.1455,-75.0387,0,0,0,-0.951533,-2.38806,169.133,
0,-74.3204,-74.6133,0,0,-74.2873,-75.1621,0,0,0,-0.936067,-2.40104,169.13,
0,-74.4457,-74.7569,0,0,-74.4125,-75.2947,0,0,0,-0.928032,-2.41309,169.13,
0,-74.5856,-74.884,0,0,-74.5562,-75.4217,0,0,0,-0.941197,-2.36845,169.133,
0,-74.7109,-75.0258,0,0,-74.6832,-75.5451,0,0,0,-0.943801,-2.34527,169.128,
0,-74.8527,-75.1621,0,0,-74.8251,-75.6648,0,0,0,-0.930669,-2.34229,169.121,
0,-74.9926,-75.2818,0,0,-74.9503,-75.7698,0,0,0,-0.936181,-2.34117,169.127,
0,-75.116,-75.4125,0,0,-75.0902,-75.8821,0,0,0,-0.942242,-2.31338,169.131,
0,-75.2505,-75.5396,0,0,-75.2265,-75.9908,0,0,0,-0.916844,-2.32253,169.131,
0,-75.3775,-75.663,0,0,-75.3591,-76.0976,0,0,0,-0.917021,-2.35896,169.136,
0,-75.5028,-75.7827,0,0,-75.4733,-76.2026,0,0,0,-0.930072,-2.34061,169.138,
0,-75.6133,-75.884,0,0,-75.5967,-76.3057,0,0,0,-0.934593,-2.3407,169.139,
0,-75.7311,-75.9982,0,0,-75.7145,-76.396,0,0,0,-0.934153,-2.37677,169.142,
0,-75.8471,-76.1087,0,0,-75.8343,-76.488,0,0,0,-0.935653,-2.36913,169.142,
0,-75.9595,-76.2136,0,0,-75.9484,-76.5838,0,0,0,-0.938101,-2.35108,169.132,
0,-76.07,-76.3149,0,0,-76.046,-76.674,0,0,0,-0.94327,-2.35352,169.128,
0,-76.175,-76.4052,0,0,-76.1529,-76.7661,0,0,0,-0.946872,-2.35538,169.124,
0,-76.267,-76.5028,0,0,-76.2578,-76.8435,0,0,0,-0.954521,-2.33285,169.12,
0,-76.3683,-76.5985,0,0,-76.3628,-76.9263,0,0,0,-0.944611,-2.34198,169.123,
0,-76.4622,-76.6906,0,0,-76.4567,-77.0092,0,0,0,-0.960298,-2.33459,169.134,
0,-76.558,-76.779,0,0,-76.5433,-77.081,0,0,0,-0.964877,-2.32049,169.129,
0,-76.6501,-76.8564,0,0,-76.6354,-77.1547,0,0,0,-0.976887,-2.33677,169.117,
0,-76.7274,-76.9411,0,0,-76.7274,-77.2247,0,0,0,-0.955919,-2.31535,169.108,
0,-76.8158,-77.0239,0,0,-76.8158,-77.291,0,0,0,-0.958424,-2.28324,169.1,
0,-76.9006,-77.1031,0,0,-76.9006,-77.3646,0,0,0,-0.960034,-2.30969,169.114,
0,-76.9816,-77.1731,0,0,-76.9742,-77.4291,0,0,0,-0.963979,-2.30208,169.11,
0,-77.0497,-77.2486,0,0,-77.0553,-77.4972,0,0,0,-0.944893,-2.32522,169.102,
0,-77.1271,-77.3223,0,0,-77.1326,-77.5599,0,0,0,-0.926334,-2.3278,169.102,
0,-77.2063,-77.3941,0,0,-77.2044,-77.617,0,0,0,-0.925561,-2.32513,169.105,
0,-77.2781,-77.4622,0,0,-77.2799,-77.6796,0,0,0,-0.931297,-2.32624,169.103,
0,-77.3481,-77.5212,0,0,-77.3425,-77.7403,0,0,0,-0.955624,-2.33134,169.105,
0,-77.4162,-77.5856,0,0,-77.4125,-77.7993,0,0,0,-0.939695,-2.36402,169.105,
0,-77.477,-77.6501,0,0,-77.4788,-77.8564,0,0,0,-0.92957,-2.36273,169.105,
0,-77.5414,-77.7127,0,0,-77.547,-77.9061,0,0,0,-0.958515,-2.39527,169.113,
0,-77.6059,-77.7716,0,0,-77.6114,-77.9558,0,0,0,-0.942816,-2.40191,169.102,
0,-77.6685,-77.8232,0,0,-77.674,-78.0074,0,0,0,-0.95337,-2.39389,169.098,
0,-77.7256,-77.8803,0,0,-77.7274,-78.0608,0,0,0,-0.957249,-2.38838,169.106,
0,-77.7772,-77.9355,0,0,-77.7864,-78.1105,0,0,0,-0.960549,-2.35906,169.104,
0,-77.8343,-77.989,0,0,-77.8435,-78.151,0,0,0,-0.951419,-2.40078,169.104,
0,-77.8895,-78.0405,0,0,-77.9006,-78.1934,0,0,0,-0.954693,-2.38877,169.1,
0,-77.9429,-78.0847,0,0,-77.954,-78.2394,0,0,0,-0.926757,-2.35727,169.097,
0,-77.9945,-78.1344,0,0,-78,-78.2818,0,0,0,-0.942798,-2.34297,169.11,
0,-78.046,-78.1823,0,0,-78.0479,-78.3204,0,0,0,-0.935138,-2.35642,169.108,
0,-78.0884,-78.2284,0,0,-78.0976,-78.3628,0,0,0,-0.92498,-2.36956,169.102,
0,-78.1363,-78.2689,0,0,-78.1473,-78.3996,0,0,0,-0.934359,-2.35293,169.111,
0,-78.1842,-78.3131,0,0,-78.1952,-78.4383,0,0,0,-0.948962,-2.35238,169.113,
0,-78.232,-78.3554,0,0,-78.2357,-78.4733,0,0,0,-0.954419,-2.35496,169.107,
0,-78.2762,-78.396,0,0,-78.2799,-78.5101,0,0,0,-0.971797,-2.33105,169.114,
0,-78.3131,-78.4328,0,0,-78.3241,-78.547,0,0,0,-0.962934,-2.34968,169.12,
0,-78.3554,-78.4715,0,0,-78.3665,-78.582,0,0,0,-0.949678,-2.35657,169.108,
0,-78.3941,-78.5083,0,0,-78.407,-78.617,0,0,0,-0.935012,-2.35941,169.106,
0,-78.4346,-78.5451,0,0,-78.442,-78.6483,0,0,0,-0.921003,-2.36817,169.107,
0,-78.4715,-78.5764,0,0,-78.4788,-78.6796,0,0,0,-0.922494,-2.3621,169.115,
0,-78.5028,-78.6133,0,0,-78.5157,-78.7072,0,0,0,-0.952281,-2.36079,169.133,
0,-78.5378,-78.6464,0,0,-78.5525,-78.733,0,0,0,-0.954423,-2.33909,169.127,
0,-78.5727,-78.6796,0,0,-78.5875,-78.7643,0,0,0,-0.966366,-2.33325,169.124,
0,-78.6059,-78.709,0,0,-78.6188,-78.7937,0,0,0,-0.962476,-2.32123,169.117,
0,-78.639,-78.7403,0,0,-78.6519,-78.8232,0,0,0,-0.96352,-2.33843,169.12,
0,-78.6703,-78.7698,0,0,-78.6832,-78.8508,0,0,0,-0.974091,-2.32429,169.124,
0,-78.6998,-78.7974,0,0,-78.7146,-78.8766,0,0,0,-0.974462,-2.33107,169.119,
0,-78.7293,-78.8269,0,0,-78.744,-78.9024,0,0,0,-0.969651,-2.3257,169.12,
0,-78.7588,-78.8527,0,0,-78.7753,-78.9227,0,0,0,-0.975604,-2.32733,169.111,
0,-78.7864,-78.8803,0,0,-78.8029,-78.9429,0,0,0,-0.981528,-2.3401,169.116,
0,-78.814,-78.9061,0,0,-78.8306,-78.9669,0,0,0,-0.978622,-2.3107,169.116,
0,-78.8398,-78.93,0,0,-78.8564,-78.9908,0,0,0,-0.969505,-2.34836,169.111,
0,-78.8619,-78.9558,0,0,-78.884,-79.0092,0,0,0,-0.969121,-2.34375,169.115,
0,-78.8858,-78.9761,0,0,-78.9079,-79.0313,0,0,0,-0.95799,-2.36588,169.103,
0,-78.9116,-79,0,0,-78.9337,-79.0479,0,0,0,-0.974764,-2.36089,169.102,
0,-78.9355,-79.0221,0,0,-78.9558,-79.07,0,0,0,-0.990044,-2.3503,169.1,
0,-78.9595,-79.0442,0,0,-78.9779,-79.0958,0,0,0,-1.00398,-2.31896,169.095,
0,-78.9816,-79.0663,0,0,-79.0018,-79.1123,0,0,0,-0.962433,-2.35678,169.086,
0,-79.0037,-79.0884,0,0,-79.0239,-79.1363,0,0,0,-0.980881,-2.3344,169.085,
0,-79.0239,-79.1123,0,0,-79.046,-79.1584,0,0,0,-0.97272,-2.33988,169.089,
0,-79.0442,-79.1344,0,0,-79.0681,-79.1805,0,0,0,-0.958646,-2.37879,169.077,
0,-79.0663,-79.1565,0,0,-79.0902,-79.2007,0,0,0,-0.973728,-2.36662,169.09,
0,-79.0866,-79.1786,0,0,-79.1123,-79.2247,0,0,0,-0.973575,-2.36262,169.085,
0,-79.1087,-79.2026,0,0,-79.1344,-79.2468,0,0,0,-0.971307,-2.34313,169.083,
0,-79.1308,-79.2247,0,0,-79.1565,-79.2652,0,0,0,-0.954258,-2.36066,169.08,
0,-79.151,-79.2468,0,0,-79.1786,-79.2891,0,0,0,-0.96127,-2.35852,169.083,
0,-79.1731,-79.2689,0,0,-79.2007,-79.3112,0,0,0,-0.963949,-2.34053,169.071,
0,-79.1934,-79.2928,0,0,-79.2228,-79.3352,0,0,0,-0.96548,-2.34464,169.071,
0,-79.2155,-79.3149,0,0,-79.2449,-79.3573,0,0,0,-0.974926,-2.34751,169.079,
0,-79.2376,-79.337,0,0,-79.2689,-79.3775,0,0,0,-0.967061,-2.39207,169.078,
0,-79.2578,-79.3591,0,0,-79.291,-79.3996,0,0,0,-0.961141,-2.3637,169.066,
0,-79.2799,-79.3812,0,0,-79.3131,-79.4199,0,0,0,-0.948071,-2.36812,169.066,
0,-79.3002,-79.4052,0,0,-79.3352,-79.4402,0,0,0,-0.952624,-2.34711,169.071,
0,-79.3223,-79.4273,0,0,-79.3573,-79.4622,0,0,0,-0.95375,-2.33768,169.066,
0,-79.3444,-79.4494,0,0,-79.3794,-79.4844,0,0,0,-0.946474,-2.34461,169.062,
0,-79.3646,-79.4715,0,0,-79.4015,-79.5064,0,0,0,-0.968413,-2.3462,169.072,
0,-79.3867,-79.4936,0,0,-79.4236,-79.5285,0,0,0,-0.969276,-2.31183,169.065,
0,-79.4088,-79.5193,0,0,-79.4457,-79.5488,0,0,0,-0.966196,-2.36335,169.072,
0,-79.4291,-79.5414,0,0,-79.4678,-79.5727,0,0,0,-0.970491,-2.35661,169.067,
0,-79.4512,-79.5617,0,0,-79.4899,-79.5912,0,0,0,-0.949242,-2.3888,169.074,
0,-79.4733,-79.5838,0,0,-79.512,-79.6133,0,0,0,-0.961579,-2.35801,169.067,
0,-79.4936,-79.6077,0,0,-79.5341,-79.639,0,0,0,-0.952521,-2.36641,169.064,
0,-79.5157,-79.6298,0,0,-79.5562,-79.6611,0,0,0,-0.971831,-2.34476,169.076,
0,-79.5359,-79.6519,0,0,-79.5783,-79.6796,0,0,0,-0.95384,-2.36022,169.073,
0,-79.558,-79.674,0,0,-79.6022,-79.698,0,0,0,-0.939471,-2.34713,169.062,
0,-79.5783,-79.6961,0,0,-79.6225,-79.7201,0,0,0,-0.940921,-2.35605,169.061,
0,-79.6004,-79.7201,0,0,-79.6446,-79.7385,0,0,0,-0.937727,-2.36817,169.06,
0,-79.6225,-79.7422,0,0,-79.6667,-79.7569,0,0,0,-0.936277,-2.34951,169.054,
0,-79.6427,-79.7643,0,0,-79.6888,-79.779,0,0,0,-0.937183,-2.39437,169.059,
0,-79.6648,-79.7864,0,0,-79.7109,-79.8011,0,0,0,-0.957807,-2.36916,169.06,
0,-79.6832,-79.8103,0,0,-79.7311,-79.8232,0,0,0,-0.963485,-2.38139,169.074,
0,-79.7053,-79.8324,0,0,-79.7551,-79.8435,0,0,0,-0.956122,-2.36584,169.06,
0,-79.7256,-79.8545,0,0,-79.7772,-79.8619,0,0,0,-0.975971,-2.3619,169.06,
0,-79.7477,-79.8766,0,0,-79.7993,-79.8858,0,0,0,-0.979856,-2.34884,169.061,
0,-79.768,-79.8987,0,0,-79.8214,-79.9061,0,0,0,-0.98437,-2.35211,169.063,
0,-79.7901,-79.9227,0,0,-79.8453,-79.9282,0,0,0,-0.984535,-2.34274,169.063,
0,-79.8122,-79.9448,0,0,-79.8637,-79.9503,0,0,0,-0.985008,-2.32746,169.062,
0,-79.8306,-79.9669,0,0,-79.8858,-79.9724,0,0,0,-0.956684,-2.35391,169.053,
0,-79.8527,-79.9853,0,0,-79.9098,-79.9834,0,0,0,-0.968488,-2.34286,169.056,
0,-79.8729,-79.9853,0,0,-79.93,-79.9834,0,0,0,-0.973507,-2.33455,169.045,
0,-79.895,-79.9853,0,0,-79.9521,-79.9834,0,0,0,-0.974346,-2.34545,169.048,
0,-79.9171,-79.9853,0,0,-79.9742,-79.9834,0,0,0,-0.980026,-2.33367,169.05,
0,-79.9374,-79.9853,0,0,-79.9853,-79.9834,0,0,0,-0.987607,-2.37408,169.066,
0,-79.9595,-79.9853,0,0,-79.9853,-79.9834,0,0,0,-0.977432,-2.34459,169.077,
0,-79.9816,-79.9853,0,0,-79.9853,-79.9834,0,0,0,-0.959597,-2.37481,169.07,
0,-79.9853,-79.9853,0,0,-79.9853,-79.9834,0,0,0,-0.95608,-2.35815,169.065,
0,-79.9853,-79.9853,0,0,-79.9853,-79.9834,0,0,0,-0.955831,-2.35833,169.065,
0,-79.9853,-79.9853,0,0,-79.9853,-79.9834,0,0,0,-0.961468,-2.36076,169.069,
0,-79.9853,-79.9853,0,0,-79.9853,-79.9834,0,0,0,-0.94531,-2.35403,169.066,
0,-79.9853,-79.9853,0,0,-79.9853,-79.9834,0,0,0,-0.927872,-2.35143,169.053,
0,-79.9853,-79.9853,0,0,-79.9853,-79.9834,0,0,0,-0.956204,-2.34893,169.069,
0,-79.9853,-79.9853,0,0,-79.9853,-79.9834,0,0,0,-0.959576,-2.36086,169.077,
0,-79.9853,-79.9853,0,0,-79.9853,-79.9834,0,0,0,-0.973419,-2.36559,169.09,
0,-79.9853,-79.9853,0,0,-79.9853,-79.9834,0,0,0,-0.964785,-2.36606,169.093,
0,-79.9853,-79.9853,0,0,-79.9853,-79.9834,0,0,0,-0.967528,-2.3737,169.102,
0,-79.9853,-79.9853,0,0,-79.9853,-79.9834,0,0,0,-0.956329,-2.36975,169.099,
0,-79.9853,-79.9853,0,0,-79.9853,-79.9834,0,0,0,-0.960122,-2.37693,169.099,
0,-79.9853,-79.9853,0,0,-79.9853,-79.9834,0,0,0,-0.9397,-2.36246,169.087,
0,-79.9853,-79.9853,0,0,-79.9853,-79.9834,0,0,0,-0.939021,-2.34813,169.091,
0,-79.9853,-79.9853,0,0,-79.9853,-79.9834,0,0,0,-0.960391,-2.35569,169.09,
-0.141805,-79.9853,-79.9853,-0.138122,0,-79.9853,-79.9834,0,0,0,-0.910676,-2.37051,169.081,
-0.281768,-79.9853,-79.9853,-0.278085,0,-79.9853,-79.9834,0,0,0,-0.94232,-2.3825,169.075,
-0.40884,-79.9853,-79.9853,-0.403315,0,-79.9853,-79.9834,0,0,0,-0.956218,-2.37355,169.07,
-0.550645,-79.9853,-79.9853,-0.54512,0,-79.9853,-79.9834,0,0,0,-0.965009,-2.38399,169.066,
-0.675875,-79.9853,-79.9853,-0.67035,0,-79.9853,-79.9834,0,0,0,-0.986621,-2.3768,169.057,
-0.81768,-79.9853,-79.9853,-0.812155,0,-79.9853,-79.9834,0,0,0,-0.985121,-2.3764,169.039,
-0.94291,-79.9853,-79.9853,-0.935543,0,-79.9853,-79.9834,0,0,0,-0.996728,-2.36108,169.024,
-1.08287,-79.9853,-79.9853,-1.07735,0,-79.9853,-79.9834,0,0,0,-1.01769,-2.36106,169.02,
-1.2081,-79.9853,-79.9853,-1.20258,0,-79.9853,-79.9834,0,0,0,-1.01781,-2.35783,169.011,
-1.34991,-79.9853,-79.9853,-1.34438,0,-79.9853,-79.9834,0,0,0,-1.02169,-2.37524,168.996,
-1.49171,-79.9853,-79.9853,-1.46961,0,-79.9853,-79.9834,0,0,0,-1.04492,-2.37092,168.987,
-1.61878,-79.9853,-79.9853,-1.61326,0,-79.9853,-79.9834,0,0,0,-1.0771,-2.37334,168.976,
-1.75875,-79.9853,-79.9853,-1.73849,0,-79.9853,-79.9834,0,0,0,-1.0812,-2.36639,168.959,
-1.88582,-79.9853,-79.9853,-1.88029,0,-79.9853,-79.9834,0,0,0,-1.08451,-2.36957,168.951,
-2.02578,-79.9853,-79.9853,-2.00552,0,-79.9853,-79.9834,0,0,0,-1.12389,-2.38152,168.943,
-2.15285,-79.9853,-79.9853,-2.14733,0,-79.9853,-79.9834,0,0,0,-1.13139,-2.37609,168.932,
-2.29466,-79.9853,-79.9853,-2.27256,0,-79.9853,-79.9834,0,0,0,-1.1379,-2.38684,168.927,
-2.41805,-79.9853,-79.9853,-2.41436,0,-79.9853,-79.9834,0,0,0,-1.14387,-2.38594,168.923,
-2.55985,-79.9853,-79.9853,-2.55433,0,-79.9853,-79.9834,0,0,0,-1.13854,-2.39101,168.912,
-2.68508,-79.9853,-79.9853,-2.67956,0,-79.9853,-79.9834,0,0,0,-1.16039,-2.38905,168.908,
-2.82505,-79.9853,-79.9853,-2.82136,0,-79.9853,-79.9834,0,0,0,-1.1813,-2.37305,168.903,
-2.95028,-79.9853,-79.9853,-2.94659,0,-79.9853,-79.9834,0,0,0,-1.20014,-2.35074,168.891,
-3.09208,-79.9853,-79.9853,-3.0884,0,-79.9853,-79.9834,0,0,0,-1.19404,-2.36435,168.873,
-3.23389,-79.9853,-79.9853,-3.21363,0,-79.9853,-79.9834,0,0,0,-1.18359,-2.35705,168.869,
-3.35912,-79.9853,-79.9853,-3.35727,0,-79.9853,-79.9834,0,0,0,-1.20622,-2.35915,168.858,
-3.50092,-79.9853,-79.9853,-3.4825,0,-79.9853,-79.9834,0,0,0,-1.22337,-2.36194,168.847,
-3.62799,-79.9853,-79.9853,-3.62615,0,-79.9853,-79.9834,0,0,0,-1.22809,-2.36877,168.829,
-3.7698,-79.9853,-79.9853,-3.75138,0,-79.9853,-79.9834,0,0,0,-1.24028,-2.38021,168.822,
-3.89503,-79.9853,-79.9853,-3.89503,0,-79.9853,-79.9834,0,0,0,-1.2549,-2.38827,168.806,
-4.03499,-79.9853,-79.9853,-4.02026,0,-79.9853,-79.9834,0,0,0,-1.27842,-2.38052,168.803,
-4.16206,-79.9853,-79.9853,-4.16206,0,-79.9853,-79.9834,0,0,0,-1.29147,-2.36371,168.796,
-4.30203,-79.9853,-79.9853,-4.28729,0,-79.9853,-79.9834,0,0,0,-1.30149,-2.37119,168.779,
-4.4291,-79.9853,-79.9853,-4.43094,0,-79.9853,-79.9834,0,0,0,-1.30544,-2.37899,168.771,
-4.56906,-79.9853,-79.9853,-4.55617,0,-79.9853,-79.9834,0,0,0,-1.3084,-2.3837,168.757,
-4.69429,-79.9853,-79.9853,-4.69982,0,-79.9853,-79.9834,0,0,0,-1.32716,-2.39391,168.762,
-4.83425,-79.9853,-79.9853,-4.82505,0,-79.9853,-79.9834,0,0,0,-1.35196,-2.38952,168.747,
-4.95948,-79.9853,-79.9853,-4.96685,0,-79.9853,-79.9834,0,0,0,-1.37025,-2.39771,168.744,
-5.10129,-79.9853,-79.9853,-5.09392,0,-79.9853,-79.9834,0,0,0,-1.38652,-2.38661,168.732,
-5.24125,-79.9853,-79.9853,-5.23573,0,-79.9853,-79.9834,0,0,0,-1.39391,-2.37652,168.713,
-5.36648,-79.9853,-79.9853,-5.3628,0,-79.9853,-79.9834,0,0,0,-1.41785,-2.37995,168.703,
-5.50829,-79.9853,-79.9853,-5.5046,0,-79.9853,-79.9834,0,0,0,-1.44592,-2.36331,168.696,
-5.63352,-79.9853,-79.9853,-5.62983,0,-79.9853,-79.9834,0,0,0,-1.46203,-2.36909,168.696,
-5.77348,-79.9853,-79.9853,-5.77348,0,-79.9853,-79.9834,0,0,0,-1.46136,-2.37039,168.69,
-5.89871,-79.9853,-79.9853,-5.89871,0,-79.9853,-79.9834,0,0,0,-1.46557,-2.36634,168.683,
-6.03867,-79.9853,-79.9853,-6.04052,0,-79.9853,-79.9834,0,0,0,-1.47805,-2.36711,168.671,
-6.1639,-79.9853,-79.9853,-6.16575,0,-79.9853,-79.9834,0,0,0,-1.48882,-2.39223,168.666,
-6.30387,-79.9853,-79.9853,-6.30755,0,-79.9853,-79.9834,0,0,0,-1.4968,-2.3884,168.665,
-6.4291,-79.9853,-79.9853,-6.43278,0,-79.9853,-79.9834,0,0,0,-1.51722,-2.36563,168.648,
-6.5709,-79.9853,-79.9853,-6.57459,0,-79.9853,-79.9834,0,0,0,-1.51139,-2.36846,168.649,
-6.71271,-79.9853,-79.9853,-6.69982,0,-79.9853,-79.9834,0,0,0,-1.51774,-2.36647,168.632,
-6.83794,-79.9853,-79.9853,-6.84346,0,-79.9853,-79.9834,0,0,0,-1.55966,-2.36302,168.63,
-6.9779,-79.9853,-79.9853,-6.96869,0,-79.9853,-79.9834,0,0,0,-1.55679,-2.35777,168.623,
-7.10497,-79.9853,-79.9853,-7.1105,0,-79.9853,-79.9834,0,0,0,-1.57372,-2.35191,168.61,
-7.24678,-79.9853,-79.9853,-7.23573,0,-79.9853,-79.9834,0,0,0,-1.59502,-2.36152,168.604,
-7.37201,-79.9853,-79.9853,-7.37937,0,-79.9853,-79.9834,0,0,0,-1.59092,-2.36332,168.586,
-7.51197,-79.9853,-79.9853,-7.50645,0,-79.9853,-79.9834,0,0,0,-1.58294,-2.35271,168.568,
-7.6372,-79.9853,-79.9853,-7.65009,0,-79.9853,-79.9834,0,0,0,-1.60126,-2.35579,168.558,
-7.77716,-79.9853,-79.9853,-7.77532,0,-79.9853,-79.9834,0,0,0,-1.59679,-2.36872,168.55,
-7.90424,-79.9853,-79.9853,-7.91897,0,-79.9853,-79.9834,0,0,0,-1.62519,-2.36174,168.54,
-8.04604,-79.9853,-79.9853,-8.0442,0,-79.9853,-79.9834,0,0,0,-1.62772,-2.35987,168.525,
-8.186,-79.9853,-79.9853,-8.18969,0,-79.9853,-79.9834,0,0,0,-1.63581,-2.3679,168.517,
-8.31308,-79.9853,-79.9853,-8.31492,0,-79.9853,-79.9834,0,0,0,-1.66353,-2.36208,168.51,
-8.45488,-79.9853,-79.9853,-8.45856,0,-79.9853,-79.9834,0,0,0,-1.66651,-2.35982,168.489,
-8.58195,-79.9853,-79.9853,-8.58379,0,-79.9853,-79.9834,0,0,0,-1.67461,-2.35342,168.469,
-8.72376,-79.9853,-79.9853,-8.72744,0,-79.9853,-79.9834,0,0,0,-1.69594,-2.36335,168.465,
-8.85083,-79.9853,-79.9853,-8.85451,0,-79.9853,-79.9834,0,0,0,-1.71864,-2.3622,168.455,
-8.99263,-79.9853,-79.9853,-8.99632,0,-79.9853,-79.9834,0,0,0,-1.73466,-2.35741,168.438,
-9.11786,-79.9853,-79.9853,-9.12155,0,-79.9853,-79.9834,0,0,0,-1.73239,-2.37625,168.425,
-9.25783,-79.9853,-79.9853,-9.26519,0,-79.9853,-79.9834,0,0,0,-1.72501,-2.37433,168.417,
-9.3849,-79.9853,-79.9853,-9.39042,0,-79.9853,-79.9834,0,0,0,-1.73538,-2.38145,168.398,
-9.5267,-79.9853,-79.9853,-9.53407,0,-79.9853,-79.9834,0,0,0,-1.75017,-2.38551,168.399,
-9.66851,-79.9853,-79.9853,-9.66114,0,-79.9853,-79.9834,0,0,0,-1.76918,-2.37993,168.4,
-9.79558,-79.9853,-79.9853,-9.80111,0,-79.9853,-79.9834,0,0,0,-1.78297,-2.37927,168.389,
-9.93738,-79.9853,-79.9853,-9.92818,0,-79.9853,-79.9834,0,0,0,-1.78411,-2.36719,168.379,
-10.0645,-79.9853,-79.9853,-10.07,0,-79.9853,-79.9834,0,0,0,-1.79967,-2.36905,168.373,
-10.2044,-79.9853,-79.9853,-10.1952,0,-79.9853,-79.9834,0,0,0,-1.80842,-2.36499,168.359,
-10.3315,-79.9853,-79.9853,-10.3389,0,-79.9853,-79.9834,0,0,0,-1.82313,-2.36279,168.356,
-10.4733,-79.9853,-79.9853,-10.4641,0,-79.9853,-79.9834,0,0,0,-1.84355,-2.3535,168.359,
-10.6004,-79.9853,-79.9853,-10.6059,0,-79.9853,-79.9834,0,0,0,-1.86842,-2.36054,168.355,
-10.7422,-79.9853,-79.9853,-10.7311,0,-79.9853,-79.9834,0,0,0,-1.89166,-2.34566,168.347,
-10.8692,-79.9853,-79.9853,-10.8748,0,-79.9853,-79.9834,0,0,0,-1.89894,-2.38163,168.336,
-11.0129,-79.9853,-79.9853,-11,0,-79.9853,-79.9834,0,0,0,-1.89398,-2.38403,168.321,
-11.1381,-79.9853,-79.9853,-11.1436,0,-79.9853,-79.9834,0,0,0,-1.93283,-2.37767,168.307,
-11.2799,-79.9853,-79.9853,-11.2689,0,-79.9853,-79.9834,0,0,0,-1.92971,-2.3651,168.293,
-11.407,-79.9853,-79.9853,-11.4125,0,-79.9853,-79.9834,0,0,0,-1.94371,-2.37649,168.282,
-11.5488,-79.9853,-79.9853,-11.5378,0,-79.9853,-79.9834,0,0,0,-1.94261,-2.37147,168.267,
-11.6759,-79.9853,-79.9853,-11.6796,0,-79.9853,-79.9834,0,0,0,-1.94942,-2.37337,168.263,
-11.8177,-79.9853,-79.9853,-11.8048,0,-79.9853,-79.9834,0,0,0,-1.95175,-2.36964,168.256,
-11.9448,-79.9853,-79.9853,-11.9484,0,-79.9853,-79.9834,0,0,0,-1.97428,-2.35834,168.247,
-12.0866,-79.9853,-79.9853,-12.0737,0,-79.9853,-79.9834,0,0,0,-2.00447,-2.35968,168.233,
-12.2118,-79.9853,-79.9853,-12.2173,0,-79.9853,-79.9834,0,0,0,-2.03017,-2.36081,168.233,
-12.3536,-79.9853,-79.9853,-12.3425,0,-79.9853,-79.9834,0,0,0,-2.031,-2.38174,168.218,
-12.4788,-79.9853,-79.9853,-12.4843,0,-79.9853,-79.9834,0,0,0,-2.05255,-2.39478,168.21,
-12.6206,-79.9853,-79.9853,-12.6114,0,-79.9853,-79.9834,0,0,0,-2.06217,-2.39926,168.189,
-12.7643,-79.9853,-79.9853,-12.7551,0,-79.9853,-79.9834,0,0,0,-2.05818,-2.3957,168.167,
-12.8913,-79.9853,-79.9853,-12.8803,0,-79.9853,-79.9834,0,0,0,-2.08525,-2.38193,168.162,
-13.0331,-79.9853,-79.9853,-13.0221,0,-79.9853,-79.9834,0,0,0,-2.09958,-2.39389,168.157,
-13.1602,-79.9853,-79.9853,-13.1473,0,-79.9853,-79.9834,0,0,0,-2.09645,-2.40477,168.153,
-13.302,-79.9853,-79.9853,-13.291,0,-79.9853,-79.9834,0,0,0,-2.11349,-2.40878,168.147,
-13.4273,-79.9853,-79.9853,-13.4162,0,-79.9853,-79.9834,0,0,0,-2.12231,-2.41286,168.132,
-13.5709,-79.9853,-79.9853,-13.5599,0,-79.9853,-79.9834,0,0,0,-2.13999,-2.41438,168.136,
-13.698,-79.9853,-79.9853,-13.6851,0,-79.9853,-79.9834,0,0,0,-2.15081,-2.39745,168.135,
-13.8398,-79.9853,-79.9853,-13.8269,0,-79.9853,-79.9834,0,0,0,-2.17814,-2.39268,168.12,
-13.965,-79.9853,-79.9853,-13.954,0,-79.9853,-79.9834,0,0,0,-2.17919,-2.397,168.111,
-14.1087,-79.9853,-79.9853,-14.0958,0,-79.9853,-79.9834,0,0,0,-2.1833,-2.40078,168.098,
-14.2339,-79.9853,-79.9853,-14.2228,0,-79.9853,-79.9834,0,0,0,-2.19309,-2.38086,168.092,
-14.3757,-79.9853,-79.9853,-14.3646,0,-79.9853,-79.9834,0,0,0,-2.2032,-2.36228,168.078,
-14.5028,-79.9853,-79.9853,-14.4917,0,-79.9853,-79.9834,0,0,0,-2.19735,-2.36656,168.076,
-14.6446,-79.9853,-79.9853,-14.6335,0,-79.9853,-79.9834,0,0,0,-2.22007,-2.35424,168.075,
-14.7716,-79.9853,-79.9853,-14.7587,0,-79.9853,-79.9834,0,0,0,-2.21934,-2.39022,168.062,
-14.9134,-79.9853,-79.9853,-14.9024,0,-79.9853,-79.9834,0,0,0,-2.22507,-2.39385,168.063,
-15.0387,-79.9853,-79.9853,-15.0276,0,-79.9853,-79.9834,0,0,0,-2.23839,-2.39907,168.056,
-15.1786,-79.9853,-79.9853,-15.1694,0,-79.9853,-79.9834,0,0,0,-2.24369,-2.38659,168.05,
-15.3057,-79.9853,-79.9853,-15.2947,0,-79.9853,-79.9834,0,0,0,-2.26735,-2.39298,168.044,
-15.4457,-79.9853,-79.9853,-15.4383,0,-79.9853,-79.9834,0,0,0,-2.26825,-2.38359,168.028,
-15.5875,-79.9853,-79.9853,-15.5654,0,-79.9853,-79.9834,0,0,0,-2.28357,-2.38345,168.021,
-15.7127,-79.9853,-79.9853,-15.7072,0,-79.9853,-79.9834,0,0,0,-2.30323,-2.39193,168.003,
-15.8545,-79.9853,-79.9853,-15.8324,0,-79.9853,-79.9834,0,0,0,-2.32953,-2.39369,167.994,
-15.9797,-79.9853,-79.9853,-15.9742,0,-79.9853,-79.9834,0,0,0,-2.3396,-2.37078,167.972,
-16.1215,-79.9853,-79.9853,-16.1013,0,-79.9853,-79.9834,0,0,0,-2.33525,-2.37745,167.964,
-16.2468,-79.9853,-79.9853,-16.2431,0,-79.9853,-79.9834,0,0,0,-2.36021,-2.37542,167.936,
-16.3886,-79.9853,-79.9853,-16.3702,0,-79.9853,-79.9834,0,0,0,-2.365,-2.38601,167.916,
-16.5304,-79.9853,-79.9853,-16.512,0,-79.9853,-79.9834,0,0,0,-2.37825,-2.39471,167.902,
-16.6575,-79.9853,-79.9853,-16.6372,0,-79.9853,-79.9834,0,0,0,-2.39896,-2.37674,167.891,
-16.7993,-79.9853,-79.9853,-16.7808,0,-79.9853,-79.9834,0,0,0,-2.40669,-2.37874,167.887,
-16.9263,-79.9853,-79.9853,-16.9061,0,-79.9853,-79.9834,0,0,0,-2.45059,-2.38423,167.893,
-17.0681,-79.9853,-79.9853,-17.0479,0,-79.9853,-79.9834,0,0,0,-2.45442,-2.39473,167.87,
-17.1952,-79.9853,-79.9853,-17.175,0,-79.9853,-79.9834,0,0,0,-2.47587,-2.39849,167.854,
-17.337,-79.9853,-79.9853,-17.3168,0,-79.9853,-79.9834,0,0,0,-2.4838,-2.38873,167.85,
-17.4622,-79.9853,-79.9853,-17.442,0,-79.9853,-79.9834,0,0,0,-2.50237,-2.38895,167.843,
-17.6059,-79.9853,-79.9853,-17.5856,0,-79.9853,-79.9834,0,0,0,-2.52001,-2.38459,167.835,
-17.7311,-79.9853,-79.9853,-17.7109,0,-79.9853,-79.9834,0,0,0,-2.5207,-2.39036,167.826,
-17.8729,-79.9853,-79.9853,-17.8545,0,-79.9853,-79.9834,0,0,0,-2.53753,-2.38866,167.816,
-17.9982,-79.9853,-79.9853,-17.9797,0,-79.9853,-79.9834,0,0,0,-2.55115,-2.39869,167.82,
-18.1381,-79.9853,-79.9853,-18.1215,0,-79.9853,-79.9834,0,0,0,-2.53145,-2.3893,167.806,
-18.2652,-79.9853,-79.9853,-18.2486,0,-79.9853,-79.9834,0,0,0,-2.56506,-2.40137,167.792,
-18.407,-79.9853,-79.9853,-18.3904,0,-79.9853,-79.9834,0,0,0,-2.56668,-2.39806,167.784,
-18.5488,-79.9853,-79.9853,-18.5175,0,-79.9853,-79.9834,0,0,0,-2.55786,-2.4002,167.767,
-18.6759,-79.9853,-79.9853,-18.6593,0,-79.9853,-79.9834,0,0,0,-2.59066,-2.40382,167.762,
-18.8177,-79.9853,-79.9853,-18.7864,0,-79.9853,-79.9834,0,0,0,-2.59681,-2.4136,167.744,
-18.9448,-79.9853,-79.9853,-18.9282,0,-79.9853,-79.9834,0,0,0,-2.59905,-2.42086,167.742,
-19.0866,-79.9853,-79.9853,-19.0534,0,-79.9853,-79.9834,0,0,0,-2.62922,-2.42698,167.743,
-19.2136,-79.9853,-79.9853,-19.1971,0,-79.9853,-79.9834,0,0,0,-2.65903,-2.42164,167.736,
-19.3554,-79.9853,-79.9853,-19.3223,0,-79.9853,-79.9834,0,0,0,-2.68418,-2.393,167.731,
-19.4807,-79.9853,-79.9853,-19.4641,0,-79.9853,-79.9834,0,0,0,-2.69281,-2.38978,167.722,
-19.6243,-79.9853,-79.9853,-19.5912,0,-79.9853,-79.9834,0,0,0,-2.68502,-2.3787,167.718,
-19.7495,-79.9853,-79.9853,-19.733,0,-79.9853,-79.9834,0,0,0,-2.70285,-2.3844,167.711,
-19.8913,-79.9853,-79.9853,-19.8582,0,-79.9853,-79.9834,0,0,0,-2.72646,-2.38005,167.707,
-20.0166,-79.9853,-79.9853,-20,0,-79.9853,-79.9834,0,0,0,-2.7225,-2.39158,167.698,
-20.1565,-79.9853,-79.9853,-20.1252,0,-79.9853,-79.9834,0,0,0,-2.72517,-2.40192,167.688,
-20.2836,-79.9853,-79.9853,-20.2689,0,-79.9853,-79.9834,0,0,0,-2.74201,-2.40044,167.68,
-20.4254,-79.9853,-79.9853,-20.3941,0,-79.9853,-79.9834,0,0,0,-2.76285,-2.38089,167.68,
-20.5672,-79.9853,-79.9853,-20.5359,0,-79.9853,-79.9834,0,0,0,-2.7647,-2.39271,167.68,
-20.6943,-79.9853,-79.9853,-20.6611,0,-79.9853,-79.9834,0,0,0,-2.7765,-2.40633,167.666,
-20.8361,-79.9853,-79.9853,-20.8048,0,-79.9853,-79.9834,0,0,0,-2.79471,-2.41222,167.65,
-20.9613,-79.9853,-79.9853,-20.9319,0,-79.9853,-79.9834,0,0,0,-2.82207,-2.40009,167.643,
-21.1031,-79.9853,-79.9853,-21.0737,0,-79.9853,-79.9834,0,0,0,-2.82772,-2.38141,167.63,
-21.2302,-79.9853,-79.9853,-21.1989,0,-79.9853,-79.9834,0,0,0,-2.82108,-2.38627,167.612,
-21.372,-79.9853,-79.9853,-21.3425,0,-79.9853,-79.9834,0,0,0,-2.83741,-2.40177,167.61,
-21.4972,-79.9853,-79.9853,-21.4678,0,-79.9853,-79.9834,0,0,0,-2.85072,-2.4148,167.6,
-21.6372,-79.9853,-79.9853,-21.6114,0,-79.9853,-79.9834,0,0,0,-2.85853,-2.41413,167.581,
-21.7643,-79.9853,-79.9853,-21.7366,0,-79.9853,-79.9834,0,0,0,-2.87678,-2.41467,167.586,
-21.9061,-79.9853,-79.9853,-21.8785,0,-79.9853,-79.9834,0,0,0,-2.89035,-2.40178,167.576,
-22.0479,-79.9853,-79.9853,-22.0055,0,-79.9853,-79.9834,0,0,0,-2.90527,-2.39311,167.57,
-22.175,-79.9853,-79.9853,-22.1473,0,-79.9853,-79.9834,0,0,0,-2.91218,-2.38036,167.555,
-22.3168,-79.9853,-79.9853,-22.2726,0,-79.9853,-79.9834,0,0,0,-2.90765,-2.40091,167.545,
-22.4438,-79.9853,-79.9853,-22.4144,0,-79.9853,-79.9834,0,0,0,-2.91163,-2.39549,167.534,
-22.5838,-79.9853,-79.9853,-22.5396,0,-79.9853,-79.9834,0,0,0,-2.93581,-2.39508,167.529,
-22.7109,-79.9853,-79.9853,-22.6814,0,-79.9853,-79.9834,0,0,0,-2.94832,-2.39902,167.515,
-22.8527,-79.9853,-79.9853,-22.8066,0,-79.9853,-79.9834,0,0,0,-2.96672,-2.3968,167.493,
-22.9797,-79.9853,-79.9853,-22.9503,0,-79.9853,-79.9834,0,0,0,-2.97843,-2.40322,167.478,
-23.1215,-79.9853,-79.9853,-23.0755,0,-79.9853,-79.9834,0,0,0,-3.00031,-2.40365,167.464,
-23.2486,-79.9853,-79.9853,-23.2192,0,-79.9853,-79.9834,0,0,0,-3.01832,-2.39376,167.443,
-23.3923,-79.9853,-79.9853,-23.3444,0,-79.9853,-79.9834,0,0,0,-3.01912,-2.38991,167.435,
-23.5175,-79.9853,-79.9853,-23.488,0,-79.9853,-79.9834,0,0,0,-3.04081,-2.39392,167.425,
-23.6593,-79.9853,-79.9853,-23.6133,0,-79.9853,-79.9834,0,0,0,-3.04274,-2.38482,167.411,
-23.7864,-79.9853,-79.9853,-23.7569,0,-79.9853,-79.9834,0,0,0,-3.04574,-2.40616,167.405,
-23.93,-79.9853,-79.9853,-23.8821,0,-79.9853,-79.9834,0,0,0,-3.05392,-2.41305,167.399,
-24.0571,-79.9853,-79.9853,-24.0239,0,-79.9853,-79.9834,0,0,0,-3.06455,-2.4041,167.387,
-24.1989,-79.9853,-79.9853,-24.1492,0,-79.9853,-79.9834,0,0,0,-3.07636,-2.39839,167.393,
-24.3241,-79.9853,-79.9853,-24.2928,0,-79.9853,-79.9834,0,0,0,-3.10674,-2.37719,167.386,
-24.4659,-79.9853,-79.9853,-24.418,0,-79.9853,-79.9834,0,0,0,-3.11904,-2.39299,167.384,
-24.5912,-79.9853,-79.9853,-24.5599,0,-79.9853,-79.9834,0,0,0,-3.12058,-2.38673,167.377,
-24.7348,-79.9853,-79.9853,-24.6851,0,-79.9853,-79.9834,0,0,0,-3.12961,-2.38982,167.36,
-24.8766,-79.9853,-79.9853,-24.8287,0,-79.9853,-79.9834,0,0,0,-3.15638,-2.38203,167.358,
-25.0037,-79.9853,-79.9853,-24.954,0,-79.9853,-79.9834,0,0,0,-3.16039,-2.39455,167.348,
-25.1455,-79.9853,-79.9853,-25.0976,0,-79.9853,-79.9834,0,0,0,-3.15789,-2.39397,167.332,
-25.2726,-79.9853,-79.9853,-25.2247,0,-79.9853,-79.9834,0,0,0,-3.18218,-2.38818,167.338,
-25.4144,-79.9853,-79.9853,-25.3683,0,-79.9853,-79.9834,0,0,0,-3.19698,-2.36768,167.326,
-25.5414,-79.9853,-79.9853,-25.4936,0,-79.9853,-79.9834,0,0,0,-3.21002,-2.37101,167.325,
-25.6832,-79.9853,-79.9853,-25.6372,0,-79.9853,-79.9834,0,0,0,-3.24199,-2.3763,167.32,
-25.8103,-79.9853,-79.9853,-25.7624,0,-79.9853,-79.9834,0,0,0,-3.24704,-2.38884,167.311,
-25.9521,-79.9853,-79.9853,-25.9042,0,-79.9853,-79.9834,0,0,0,-3.24209,-2.39144,167.3,
-26.0792,-79.9853,-79.9853,-26.0313,0,-79.9853,-79.9834,0,0,0,-3.2474,-2.3843,167.285,
-26.221,-79.9853,-79.9853,-26.1731,0,-79.9853,-79.9834,0,0,0,-3.25091,-2.38111,167.277,
-26.3462,-79.9853,-79.9853,-26.2983,0,-79.9853,-79.9834,0,0,0,-3.27575,-2.35962,167.272,
-26.4862,-79.9853,-79.9853,-26.4401,0,-79.9853,-79.9834,0,0,0,-3.28608,-2.37541,167.265,
-26.6133,-79.9853,-79.9853,-26.5672,0,-79.9853,-79.9834,0,0,0,-3.29562,-2.38336,167.265,
-26.7551,-79.9853,-79.9853,-26.709,0,-79.9853,-79.9834,0,0,0,-3.30888,-2.37981,167.249,
-26.8969,-79.9853,-79.9853,-26.8361,0,-79.9853,-79.9834,0,0,0,-3.31081,-2.37486,167.24,
-27.0239,-79.9853,-79.9853,-26.9761,0,-79.9853,-79.9834,0,0,0,-3.33066,-2.38542,167.245,
-27.1657,-79.9853,-79.9853,-27.1031,0,-79.9853,-79.9834,0,0,0,-3.35564,-2.39047,167.242,
-27.2928,-79.9853,-79.9853,-27.2449,0,-79.9853,-79.9834,0,0,0,-3.37138,-2.36427,167.23,
-27.4346,-79.9853,-79.9853,-27.3683,0,-79.9853,-79.9834,0,0,0,-3.38386,-2.36581,167.228,
-27.5635,-79.9853,-79.9853,-27.512,0,-79.9853,-79.9834,0,0,0,-3.39324,-2.3727,167.219,
-27.7053,-79.9853,-79.9853,-27.639,0,-79.9853,-79.9834,0,0,0,-3.40153,-2.3787,167.206,
-27.8324,-79.9853,-79.9853,-27.7808,0,-79.9853,-79.9834,0,0,0,-3.40348,-2.35982,167.189,
-27.9742,-79.9853,-79.9853,-27.9061,0,-79.9853,-79.9834,0,0,0,-3.42276,-2.3762,167.169,
-28.1013,-79.9853,-79.9853,-28.0479,0,-79.9853,-79.9834,0,0,0,-3.43268,-2.39321,167.152,
-28.2431,-79.9853,-79.9853,-28.1731,0,-79.9853,-79.9834,0,0,0,-3.42818,-2.38878,167.145,
-28.3702,-79.9853,-79.9853,-28.3149,0,-79.9853,-79.9834,0,0,0,-3.44368,-2.40061,167.14,
-28.512,-79.9853,-79.9853,-28.442,0,-79.9853,-79.9834,0,0,0,-3.48224,-2.40994,167.134,
-28.6372,-79.9853,-79.9853,-28.582,0,-79.9853,-79.9834,0,0,0,-3.50071,-2.42338,167.126,
-28.7716,-79.9853,-79.9853,-28.7053,0,-79.9853,-79.9834,0,0,0,-3.48879,-2.39699,167.099,
-28.9042,-79.9853,-79.9853,-28.8361,0,-79.9853,-79.9834,0,0,0,-3.51322,-2.40859,167.101,
-29.0313,-79.9853,-79.9853,-28.9669,0,-79.9853,-79.9834,0,0,0,-3.515,-2.40168,167.083,
-29.1565,-79.9853,-79.9853,-29.0921,0,-79.9853,-79.9834,0,0,0,-3.52668,-2.37244,167.069,
-29.2634,-79.9853,-79.9853,-29.2007,0,-79.9853,-79.9834,0,0,0,-3.553,-2.36136,167.05,
-29.3794,-79.9853,-79.9853,-29.3186,0,-79.9853,-79.9834,0,0,0,-3.57158,-2.38424,167.047,
-29.4936,-79.9853,-79.9853,-29.4309,0,-79.9853,-79.9834,0,0,0,-3.58878,-2.37778,167.045,
-29.6041,-79.9853,-79.9853,-29.5451,0,-79.9853,-79.9834,0,0,0,-3.60737,-2.37953,167.038,
-29.709,-79.9853,-79.9853,-29.6409,0,-79.9853,-79.9834,0,0,0,-3.57897,-2.38904,167.022,
-29.814,-79.9853,-79.9853,-29.744,0,-79.9853,-79.9834,0,0,0,-3.61342,-2.38575,167.018,
-29.9042,-79.9853,-79.9853,-29.8453,0,-79.9853,-79.9834,0,0,0,-3.62128,-2.38354,167.009,
-30.0018,-79.9853,-79.9853,-29.9448,0,-79.9853,-79.9834,0,0,0,-3.6213,-2.38394,166.993,
-30.0976,-79.9853,-79.9853,-30.0405,0,-79.9853,-79.9834,0,0,0,-3.62096,-2.36236,166.984,
-30.1915,-79.9853,-79.9853,-30.1252,0,-79.9853,-79.9834,0,0,0,-3.63545,-2.35277,166.977,
-30.2799,-79.9853,-79.9853,-30.2136,0,-79.9853,-79.9834,0,0,0,-3.63707,-2.33843,166.974,
-30.3591,-79.9853,-79.9853,-30.302,0,-79.9853,-79.9834,0,0,0,-3.65636,-2.32886,166.964,
-30.442,-79.9853,-79.9853,-30.3886,0,-79.9853,-79.9834,0,0,0,-3.66951,-2.34654,166.954,
-30.5249,-79.9853,-79.9853,-30.4733,0,-79.9853,-79.9834,0,0,0,-3.67495,-2.33817,166.956,
-30.6059,-79.9853,-79.9853,-30.5451,0,-79.9853,-79.9834,0,0,0,-3.68637,-2.34171,166.942,
-30.6832,-79.9853,-79.9853,-30.6225,0,-79.9853,-79.9834,0,0,0,-3.6826,-2.35931,166.941,
-30.7514,-79.9853,-79.9853,-30.6998,0,-79.9853,-79.9834,0,0,0,-3.6969,-2.37493,166.939,
-30.825,-79.9853,-79.9853,-30.7735,0,-79.9853,-79.9834,0,0,0,-3.6836,-2.38924,166.931,
-30.8969,-79.9853,-79.9853,-30.8379,0,-79.9853,-79.9834,0,0,0,-3.68094,-2.38845,166.921,
-30.965,-79.9853,-79.9853,-30.9079,0,-79.9853,-79.9834,0,0,0,-3.67431,-2.39173,166.909,
-31.0313,-79.9853,-79.9853,-30.9742,0,-79.9853,-79.9834,0,0,0,-3.68461,-2.383,166.904,
-31.0976,-79.9853,-79.9853,-31.0424,0,-79.9853,-79.9834,0,0,0,-3.69899,-2.40441,166.907,
-31.1547,-79.9853,-79.9853,-31.105,0,-79.9853,-79.9834,0,0,0,-3.70729,-2.41955,166.901,
-31.2155,-79.9853,-79.9853,-31.1676,0,-79.9853,-79.9834,0,0,0,-3.72894,-2.39135,166.897,
-31.2762,-79.9853,-79.9853,-31.221,0,-79.9853,-79.9834,0,0,0,-3.72756,-2.38943,166.883,
-31.3352,-79.9853,-79.9853,-31.2799,0,-79.9853,-79.9834,0,0,0,-3.73665,-2.3876,166.879,
-31.3904,-79.9853,-79.9853,-31.3389,0,-79.9853,-79.9834,0,0,0,-3.74747,-2.37994,166.873,
-31.4401,-79.9853,-79.9853,-31.3886,0,-79.9853,-79.9834,0,0,0,-3.77015,-2.38619,166.871,
-31.4936,-79.9853,-79.9853,-31.442,0,-79.9853,-79.9834,0,0,0,-3.77084,-2.37504,166.864,
-31.5451,-79.9853,-79.9853,-31.4936,0,-79.9853,-79.9834,0,0,0,-3.76599,-2.38871,166.861,
-31.5967,-79.9853,-79.9853,-31.5451,0,-79.9853,-79.9834,0,0,0,-3.77564,-2.3898,166.85,
-31.6446,-79.9853,-79.9853,-31.5893,0,-79.9853,-79.9834,0,0,0,-3.7856,-2.41024,166.855,
-31.6869,-79.9853,-79.9853,-31.6372,0,-79.9853,-79.9834,0,0,0,-3.78089,-2.40211,166.853,
-31.733,-79.9853,-79.9853,-31.6851,0,-79.9853,-79.9834,0,0,0,-3.78073,-2.40958,166.855,
-31.779,-79.9853,-79.9853,-31.7311,0,-79.9853,-79.9834,0,0,0,-3.79206,-2.41182,166.844,
-31.8232,-79.9853,-79.9853,-31.7753,0,-79.9853,-79.9834,0,0,0,-3.8103,-2.41654,166.844,
-31.8619,-79.9853,-79.9853,-31.8122,0,-79.9853,-79.9834,0,0,0,-3.81125,-2.4196,166.83,
-31.9024,-79.9853,-79.9853,-31.8545,0,-79.9853,-79.9834,0,0,0,-3.80905,-2.41527,166.816,
-31.9429,-79.9853,-79.9853,-31.895,0,-79.9853,-79.9834,0,0,0,-3.80827,-2.40456,166.814,
-31.9816,-79.9853,-79.9853,-31.9355,0,-79.9853,-79.9834,0,0,0,-3.81295,-2.4074,166.808,
-32.0203,-79.9853,-79.9853,-31.9687,0,-79.9853,-79.9834,0,0,0,-3.82868,-2.40565,166.812,
-32.0534,-79.9853,-79.9853,-32.0055,0,-79.9853,-79.9834,0,0,0,-3.82546,-2.4071,166.813,
-32.0884,-79.9853,-79.9853,-32.0424,0,-79.9853,-79.9834,0,0,0,-3.84402,-2.41492,166.818,
-32.1234,-79.9853,-79.9853,-32.0774,0,-79.9853,-79.9834,0,0,0,-3.84245,-2.40383,166.801,
-32.1584,-79.9853,-79.9853,-32.1087,0,-79.9853,-79.9834,0,0,0,-3.86125,-2.40721,166.8,
-32.1897,-79.9853,-79.9853,-32.1418,0,-79.9853,-79.9834,0,0,0,-3.86765,-2.40977,166.804,
-32.221,-79.9853,-79.9853,-32.175,0,-79.9853,-79.9834,0,0,0,-3.86778,-2.42396,166.794,
-32.2523,-79.9853,-79.9853,-32.2063,0,-79.9853,-79.9834,0,0,0,-3.8636,-2.41323,166.785,
-32.2818,-79.9853,-79.9853,-32.2357,0,-79.9853,-79.9834,0,0,0,-3.84507,-2.41749,166.782,
-32.3112,-79.9853,-79.9853,-32.2634,0,-79.9853,-79.9834,0,0,0,-3.83804,-2.41206,166.771,
-32.3389,-79.9853,-79.9853,-32.2928,0,-79.9853,-79.9834,0,0,0,-3.86279,-2.40325,166.77,
-32.3665,-79.9853,-79.9853,-32.3204,0,-79.9853,-79.9834,0,0,0,-3.85552,-2.3983,166.763,
-32.3923,-79.9853,-79.9853,-32.3462,0,-79.9853,-79.9834,0,0,0,-3.8553,-2.40038,166.761,
-32.418,-79.9853,-79.9853,-32.372,0,-79.9853,-79.9834,0,0,0,-3.87301,-2.40153,166.771,
-32.4401,-79.9853,-79.9853,-32.3978,0,-79.9853,-79.9834,0,0,0,-3.88302,-2.40042,166.77,
-32.4659,-79.9853,-79.9853,-32.4236,0,-79.9853,-79.9834,0,0,0,-3.89386,-2.40634,166.762,
-32.4899,-79.9853,-79.9853,-32.4475,0,-79.9853,-79.9834,0,0,0,-3.89417,-2.42091,166.765,
-32.512,-79.9853,-79.9853,-32.4696,0,-79.9853,-79.9834,0,0,0,-3.88866,-2.38,166.769,
-32.5341,-79.9853,-79.9853,-32.4917,0,-79.9853,-79.9834,0,0,0,-3.9012,-2.39285,166.766,
-32.5562,-79.9853,-79.9853,-32.512,0,-79.9853,-79.9834,0,0,0,-3.88303,-2.37894,166.759,
-32.5783,-79.9853,-79.9853,-32.5341,0,-79.9853,-79.9834,0,0,0,-3.89284,-2.38156,166.764,
-32.6004,-79.9853,-79.9853,-32.5543,0,-79.9853,-79.9834,0,0,0,-3.89897,-2.38861,166.761,
-32.6225,-79.9853,-79.9853,-32.5746,0,-79.9853,-79.9834,0,0,0,-3.88582,-2.4021,166.751,
-32.6446,-79.9853,-79.9853,-32.5948,0,-79.9853,-79.9834,0,0,0,-3.88926,-2.39199,166.743,
-32.6667,-79.9853,-79.9853,-32.6169,0,-79.9853,-79.9834,0,0,0,-3.87319,-2.41667,166.746,
-32.6869,-79.9853,-79.9853,-32.6372,0,-79.9853,-79.9834,0,0,0,-3.88451,-2.41759,166.741,
-32.7127,-79.9853,-79.9853,-32.6575,0,-79.9853,-79.9834,0,0,0,-3.89403,-2.40846,166.746,
-32.733,-79.9853,-79.9853,-32.6777,0,-79.9853,-79.9834,0,0,0,-3.89955,-2.40613,166.752,
-32.7551,-79.9853,-79.9853,-32.6998,0,-79.9853,-79.9834,0,0,0,-3.89026,-2.40078,166.741,
-32.7753,-79.9853,-79.9853,-32.7201,0,-79.9853,-79.9834,0,0,0,-3.88641,-2.41852,166.74,
-32.7974,-79.9853,-79.9853,-32.7403,0,-79.9853,-79.9834,0,0,0,-3.90302,-2.40977,166.753,
-32.8214,-79.9853,-79.9853,-32.7606,0,-79.9853,-79.9834,0,0,0,-3.9048,-2.39983,166.738,
-32.8416,-79.9853,-79.9853,-32.7808,0,-79.9853,-79.9834,0,0,0,-3.91008,-2.40195,166.729,
-32.8637,-79.9853,-79.9853,-32.8029,0,-79.9853,-79.9834,0,0,0,-3.89969,-2.40045,166.726,
-32.8858,-79.9853,-79.9853,-32.8232,0,-79.9853,-79.9834,0,0,0,-3.89393,-2.39765,166.726,
-32.9079,-79.9853,-79.9853,-32.8435,0,-79.9853,-79.9834,0,0,0,-3.89869,-2.39507,166.725,
-32.93,-79.9853,-79.9853,-32.8656,0,-79.9853,-79.9834,0,0,0,-3.91566,-2.39976,166.728,
-32.9521,-79.9853,-79.9853,-32.8858,0,-79.9853,-79.9834,0,0,0,-3.91936,-2.38349,166.724,
-32.9724,-79.9853,-79.9853,-32.9061,0,-79.9853,-79.9834,0,0,0,-3.90617,-2.38441,166.714,
-32.9945,-79.9853,-79.9853,-32.9282,0,-79.9853,-79.9834,0,0,0,-3.9117,-2.37901,166.715,
-33.0166,-79.9853,-79.9853,-32.9484,0,-79.9853,-79.9834,0,0,0,-3.9256,-2.37009,166.715,
-33.0405,-79.9853,-79.9853,-32.9687,0,-79.9853,-79.9834,0,0,0,-3.92627,-2.37809,166.717,
-33.0608,-79.9853,-79.9853,-32.9908,0,-79.9853,-79.9834,0,0,0,-3.92713,-2.37512,166.711,
-33.0829,-79.9853,-79.9853,-33.0111,0,-79.9853,-79.9834,0,0,0,-3.92851,-2.37381,166.708,
-33.105,-79.9853,-79.9853,-33.0331,0,-79.9853,-79.9834,0,0,0,-3.93659,-2.36383,166.7,
-33.1271,-79.9853,-79.9853,-33.0534,0,-79.9853,-79.9834,0,0,0,-3.92972,-2.36693,166.7,
-33.151,-79.9853,-79.9853,-33.0737,0,-79.9853,-79.9834,0,0,0,-3.93557,-2.38358,166.703,
-33.1694,-79.9853,-79.9853,-33.0958,0,-79.9853,-79.9834,0,0,0,-3.9361,-2.3975,166.704,
-33.1915,-79.9853,-79.9853,-33.116,0,-79.9853,-79.9834,0,0,0,-3.94404,-2.38402,166.699,
-33.2136,-79.9853,-79.9853,-33.1381,0,-79.9853,-79.9834,0,0,0,-3.95915,-2.38399,166.705,
-33.2357,-79.9853,-79.9853,-33.1584,0,-79.9853,-79.9834,0,0,0,-3.9467,-2.3898,166.692,
-33.2597,-79.9853,-79.9853,-33.1786,0,-79.9853,-79.9834,0,0,0,-3.95683,-2.41088,166.697,
-33.2818,-79.9853,-79.9853,-33.2007,0,-79.9853,-79.9834,0,0,0,-3.96326,-2.42952,166.695,
-33.3039,-79.9853,-79.9853,-33.221,0,-79.9853,-79.9834,0,0,0,-3.95495,-2.41699,166.681,
-33.326,-79.9853,-79.9853,-33.2431,0,-79.9853,-79.9834,0,0,0,-3.95568,-2.41968,166.676,
-33.3481,-79.9853,-79.9853,-33.2634,0,-79.9853,-79.9834,0,0,0,-3.94612,-2.4231,166.678,
-33.3683,-79.9853,-79.9853,-33.2836,0,-79.9853,-79.9834,0,0,0,-3.9447,-2.40706,166.675,
-33.3886,-79.9853,-79.9853,-33.3057,0,-79.9853,-79.9834,0,0,0,-3.93906,-2.40282,166.67,
-33.4107,-79.9853,-79.9853,-33.326,0,-79.9853,-79.9834,0,0,0,-3.93918,-2.40302,166.667,
-33.4346,-79.9853,-79.9853,-33.3462,0,-79.9853,-79.9834,0,0,0,-3.93314,-2.39143,166.663,
-33.4549,-79.9853,-79.9853,-33.3683,0,-79.9853,-79.9834,0,0,0,-3.92684,-2.38368,166.654,
-33.477,-79.9853,-79.9853,-33.3886,0,-79.9853,-79.9834,0,0,0,-3.93843,-2.39026,166.656,
-33.4991,-79.9853,-79.9853,-33.4088,0,-79.9853,-79.9834,0,0,0,-3.96011,-2.37205,166.656,
-33.5193,-79.9853,-79.9853,-33.4309,0,-79.9853,-79.9834,0,0,0,-3.95991,-2.38003,166.659,
-33.5249,-79.9853,-79.9853,-33.4512,0,-79.9853,-79.9834,0,0,0,-3.95454,-2.37346,166.656,
-33.5249,-79.9853,-79.9853,-33.4733,0,-79.9853,-79.9834,0,0,0,-3.96207,-2.37016,166.656,
-33.5249,-79.9853,-79.9853,-33.4936,0,-79.9853,-79.9834,0,0,0,-3.97217,-2.37504,166.661,
-33.5249,-79.9853,-79.9853,-33.5157,0,-79.9853,-79.9834,0,0,0,-3.96225,-2.37578,166.662,
-33.5249,-79.9853,-79.9853,-33.5249,0,-79.9853,-79.9834,0,0,0,-3.98253,-2.38783,166.661,
-33.5249,-79.9853,-79.9853,-33.5249,0,-79.9853,-79.9834,0,0,0,-3.97417,-2.38889,166.648,
-33.5249,-79.9853,-79.9853,-33.5249,0,-79.9853,-79.9834,0,0,0,-3.97185,-2.39547,166.655,
-33.5249,-79.9853,-79.9853,-33.5249,0,-79.9853,-79.9834,0,0,0,-3.95912,-2.38036,166.658,
-33.5249,-79.9853,-79.9853,-33.5249,0,-79.9853,-79.9834,0,0,0,-3.96491,-2.37148,166.656,
-33.5249,-79.9853,-79.9853,-33.5249,0,-79.9853,-79.9834,0,0,0,-3.95907,-2.37476,166.668,
-33.5249,-79.9853,-79.9853,-33.5249,0,-79.9853,-79.9834,0,0,0,-3.96095,-2.38436,166.668,
-33.5249,-79.9853,-79.9853,-33.5249,0,-79.9853,-79.9834,0,0,0,-3.97755,-2.37797,166.663,
-33.5249,-79.9853,-79.9853,-33.5249,0,-79.9853,-79.9834,0,0,0,-3.98007,-2.37607,166.665,
-33.5249,-79.9853,-79.9853,-33.5249,0,-79.9853,-79.9834,0,0,0,-3.97618,-2.38549,166.658,
-33.5249,-79.9853,-79.9853,-33.5249,0,-79.9853,-79.9834,0,0,0,-3.98155,-2.38591,166.658,
-33.5249,-79.9853,-79.9853,-33.5249,0,-79.9853,-79.9834,0,0,0,-3.99464,-2.39694,166.658,
-33.5249,-79.9853,-79.9853,-33.5249,0,-79.9853,-79.9834,0,0,0,-3.97333,-2.40408,166.644,
-33.5249,-79.9853,-79.9853,-33.5249,0,-79.9853,-79.9834,0,0,0,-3.97375,-2.39476,166.656,
-33.5249,-79.9853,-79.9853,-33.5249,0,-79.9853,-79.9834,0,0,0,-3.97224,-2.3889,166.646,
-33.5249,-79.9853,-79.9853,-33.5249,0,-79.9853,-79.9834,0,0,0,-3.97331,-2.38321,166.641,
-33.5249,-79.9853,-79.9853,-33.5249,0,-79.9853,-79.9834,0,0,0,-3.97235,-2.38465,166.648,
-33.5249,-79.9853,-79.9853,-33.5249,0,-79.9853,-79.9834,0,0,0,-3.96413,-2.38127,166.644,
-33.5249,-79.9853,-79.9853,-33.5249,0,-79.9853,-79.9834,0,0,0,-3.9634,-2.38213,166.641,
-33.5249,-79.9853,-79.9853,-33.5249,0,-79.9853,-79.9834,0,0,0,-3.95876,-2.38367,166.646,
-33.5249,-79.9853,-79.9853,-33.5249,0,-79.9853,-79.9834,0,0,0,-3.96863,-2.38483,166.641,
-33.5249,-79.9853,-79.9853,-33.5249,0,-79.9853,-79.9834,0,0,0,-3.96511,-2.38435,166.636,
-33.5249,-79.9853,-79.9853,-33.5249,0,-79.9853,-79.9834,0,0,0,-3.98596,-2.37808,166.643,
-33.5249,-79.9853,-79.9853,-33.5249,0,-79.9853,-79.9834,0,0,0,-3.97376,-2.37308,166.641,
-33.5249,-79.9853,-79.9853,-33.5249,0,-79.9853,-79.9834,0,0,0,-3.9597,-2.38681,166.649,
-33.5249,-79.9853,-79.9853,-33.5249,0,-79.9853,-79.9834,0,0,0,-3.97392,-2.38549,166.65,
-33.5249,-79.9853,-79.9853,-33.5249,0,-79.9853,-79.9834,0,0,0,-3.9778,-2.39749,166.644,
-33.5249,-79.9853,-79.9853,-33.5249,0,-79.9853,-79.9834,0,0,0,-3.9704,-2.398,166.634,
-33.5249,-79.9853,-79.9853,-33.5249,0,-79.9853,-79.9834,0,0,0,-3.97657,-2.41629,166.637,
-33.5249,-79.9853,-79.9853,-33.5249,0,-79.9853,-79.9834,0,0,0,-3.97336,-2.39946,166.636,
-33.5249,-79.9853,-79.9853,-33.5249,0,-79.9853,-79.9834,0,0,0,-3.96716,-2.41365,166.627,
-33.5249,-79.9853,-79.9853,-33.5249,0,-79.9853,-79.9834,0,0,0,-3.96537,-2.4124,166.628,
-33.5249,-79.9853,-79.9853,-33.5249,0,-79.9853,-79.9834,0,0,0,-3.973,-2.41431,166.633,
-33.5249,-79.9853,-79.9853,-33.5249,0,-79.9853,-79.9834,0,0,0,-3.97954,-2.39973,166.634,
-33.5249,-79.9853,-79.9853,-33.5249,0,-79.9853,-79.9834,0,0,0,-3.97214,-2.40325,166.635,
-33.5249,-79.9853,-79.9853,-33.5249,0,-79.9853,-79.9834,0,0,0,-3.97733,-2.40239,166.634,
-33.5249,-79.9853,-79.9853,-33.5249,0,-79.9853,-79.9834,0,0,0,-3.97762,-2.40061,166.632,
-33.5249,-79.9853,-79.9853,-33.5249,0,-79.9853,-79.9834,0,0,0,-3.97984,-2.3961,166.63,
-33.5249,-79.9853,-79.9853,-33.5249,0,-79.9853,-79.9834,0,0,0,-3.97321,-2.39474,166.629,
-33.5249,-79.9853,-79.9853,-33.5249,0.0,-79.9853,-79.9834,0,0,0,-3.97278,-2.41043,166.625,
