-0.0165746,0,0,-0.014733,-0.014733,0,0,-0.014733,59.989,59.9926,-0.268961,-1.97118,-176.604,
-0.0165746,0,0,-0.014733,-0.014733,0,0,-0.014733,59.989,59.9926,-0.283981,-1.98382,-176.605,
-0.0165746,0,0,-0.014733,-0.014733,0,0,-0.014733,59.989,59.9926,-0.28202,-1.96112,-176.601,
-0.0165746,0,0,-0.014733,-0.014733,0,0,-0.014733,59.989,59.9926,-0.286734,-1.95406,-176.607,
-0.0165746,0,0,-0.014733,-0.014733,0,0,-0.014733,59.989,59.9926,-0.289922,-1.95733,-176.61,
-0.0165746,0,0,-0.014733,-0.014733,0,0,-0.014733,59.989,59.9926,-0.288187,-1.95633,-176.604,
-0.0165746,0,0,-0.014733,-0.014733,0,0,-0.014733,59.989,59.9926,-0.299077,-1.95273,-176.6,
-0.0165746,0,0,-0.014733,-0.014733,0,0,-0.014733,59.989,59.9926,-0.286133,-1.95532,-176.6,
-0.0165746,0,0,-0.014733,-0.014733,0,0,-0.014733,59.989,59.9926,-0.291345,-1.95665,-176.588,
-0.0165746,0,0,-0.014733,-0.014733,0,0,-0.014733,59.989,59.9926,-0.276201,-1.95676,-176.593,
-0.0165746,0,0,-0.014733,-0.014733,0,0,-0.014733,59.989,59.9926,-0.268139,-1.94975,-176.587,
-0.0165746,0,0,-0.014733,-0.014733,0,0,-0.014733,59.989,59.9926,-0.28139,-1.95783,-176.578,
-0.0165746,0,0,-0.014733,-0.014733,0,0,-0.014733,59.989,59.9926,-0.260901,-1.95747,-176.588,
-0.0165746,0,0,-0.014733,-0.014733,0,0,-0.014733,59.989,59.9926,-0.272024,-1.95862,-176.581,
-0.0939227,0,0,-0.0773481,-0.014733,0,0,-0.014733,59.989,59.9926,-0.322338,-1.97991,-176.582,
-0.224678,0,0,-0.226519,-0.0939227,0,0,-0.0773481,59.989,59.9926,-0.322268,-1.97382,-176.575,
-0.372007,0,0,-0.355433,-0.224678,0,0,-0.228361,59.989,59.9926,-0.311684,-1.96845,-176.588,
-0.508287,0,0,-0.500921,-0.375691,0,0,-0.357274,59.989,59.9926,-0.275928,-1.9719,-176.595,
-0.639042,0,0,-0.629834,-0.513812,0,0,-0.504604,59.989,59.9926,-0.278463,-1.96871,-176.598,
-0.782689,0,0,-0.779006,-0.644567,0,0,-0.633518,59.989,59.9926,-0.272046,-1.95839,-176.602,
-0.913444,0,0,-0.907919,-0.791897,0,0,-0.782689,59.989,59.9926,-0.274549,-1.94846,-176.595,
-1.04788,0,0,-1.04052,-0.922652,0,0,-0.913444,59.989,59.9926,-0.300353,-1.96523,-176.585,
-1.19521,0,0,-1.18969,-1.06998,0,0,-1.06077,59.989,59.9926,-0.293126,-1.96542,-176.589,
-1.32781,0,0,-1.3186,-1.2081,0,0,-1.19337,59.989,59.9926,-0.267318,-1.99134,-176.591,
-1.4733,0,0,-1.46777,-1.34622,0,0,-1.32965,59.989,59.9926,-0.268841,-1.9742,-176.584,
-1.60221,0,0,-1.59669,-1.4825,0,0,-1.46409,59.989,59.9926,-0.270864,-1.98418,-176.584,
-1.7477,0,0,-1.72744,-1.62983,0,0,-1.61878,59.989,59.9926,-0.254171,-1.98135,-176.573,
-1.88029,0,0,-1.87845,-1.76611,0,0,-1.75691,59.989,59.9926,-0.262816,-1.96204,-176.558,
-2.01473,0,0,-2.00737,-1.90055,0,0,-1.88582,59.989,59.9926,-0.249749,-1.96624,-176.561,
-2.15838,0,0,-2.15654,-2.04604,0,0,-2.03315,59.989,59.9926,-0.257489,-1.96249,-176.549,
-2.29282,0,0,-2.28729,-2.18232,0,0,-2.16206,59.989,59.9926,-0.261574,-1.98128,-176.537,
-2.42541,0,0,-2.41621,-2.3186,0,0,-2.30939,59.989,59.9926,-0.23347,-1.98919,-176.555,
-2.57274,0,0,-2.56538,-2.45488,0,0,-2.43831,59.989,59.9926,-0.232081,-2.0019,-176.546,
-2.70902,0,0,-2.69245,-2.60221,0,0,-2.58748,59.989,59.9926,-0.222963,-1.98021,-176.544,
-2.83794,0,0,-2.83978,-2.73665,0,0,-2.71823,59.989,59.9926,-0.235522,-1.99244,-176.549,
-2.98527,0,0,-2.96685,-2.87293,0,0,-2.86372,59.989,59.9926,-0.241067,-2.02389,-176.56,
-3.12155,0,0,-3.09945,-3.0221,0,0,-2.99448,59.989,59.9926,-0.233757,-2.0318,-176.57,
-3.25414,0,0,-3.25046,-3.15654,0,0,-3.14365,59.989,59.9926,-0.229033,-2.01244,-176.567,
-3.3849,0,0,-3.38122,-3.29098,0,0,-3.27256,59.989,59.9926,-0.196186,-2.04708,-176.566,
-3.53223,0,0,-3.51565,-3.43646,0,0,-3.41989,59.989,59.9926,-0.20414,-2.03047,-176.577,
-3.66667,0,0,-3.66482,-3.56722,0,0,-3.5488,59.989,59.9926,-0.196708,-2.04033,-176.58,
-3.79742,0,0,-3.79558,-3.71455,0,0,-3.69797,59.989,59.9926,-0.201899,-2.06682,-176.575,
-3.94475,0,0,-3.94107,-3.84715,0,0,-3.82689,59.989,59.9926,-0.191598,-2.095,-176.569,
-4.07551,0,0,-4.06814,-3.98343,0,0,-3.97606,59.989,59.9926,-0.184157,-2.09753,-176.568,
-4.21915,0,0,-4.19889,-4.1326,0,0,-4.10866,59.989,59.9926,-0.195704,-2.08435,-176.564,
-4.35175,0,0,-4.34991,-4.26888,0,0,-4.24494,59.989,59.9926,-0.210098,-2.11128,-176.565,
-4.4954,0,0,-4.4825,-4.40332,0,0,-4.39411,59.989,59.9926,-0.202,-2.096,-176.565,
-4.62431,0,0,-4.61142,-4.5488,0,0,-4.52302,59.989,59.9926,-0.227888,-2.08821,-176.569,
-4.7698,0,0,-4.76243,-4.68692,0,0,-4.67035,59.989,59.9926,-0.21196,-2.08376,-176.577,
-4.90055,0,0,-4.89134,-4.8232,0,0,-4.79926,59.989,59.9926,-0.194445,-2.09031,-176.568,
-5.0442,0,0,-5.02394,-4.96133,0,0,-4.94659,59.989,59.9926,-0.172858,-2.12644,-176.574,
-5.17864,0,0,-5.17495,-5.09576,0,0,-5.07919,59.989,59.9926,-0.190027,-2.0907,-176.562,
-5.30939,0,0,-5.30203,-5.24309,0,0,-5.21547,59.989,59.9926,-0.178006,-2.08131,-176.57,
-5.45488,0,0,-5.44936,-5.38122,0,0,-5.36464,59.989,59.9926,-0.158263,-2.08861,-176.569,
-5.58932,0,0,-5.57827,-5.5175,0,0,-5.50092,59.989,59.9926,-0.183862,-2.09593,-176.576,
-5.72007,0,0,-5.71271,-5.65193,0,0,-5.62983,59.989,59.9926,-0.170157,-2.10147,-176.568,
-5.8674,0,0,-5.86188,-5.80111,0,0,-5.78085,59.989,59.9926,-0.187788,-2.12271,-176.576,
-5.99632,0,0,-5.98895,-5.93186,0,0,-5.90976,59.989,59.9926,-0.185085,-2.10895,-176.576,
-6.1418,0,0,-6.13812,-6.08471,0,0,-6.05893,59.989,59.9926,-0.200108,-2.12359,-176.58,
-6.27256,0,0,-6.27256,-6.21915,0,0,-6.18785,59.989,59.9926,-0.179604,-2.09727,-176.58,
-6.42173,0,0,-6.40147,-6.35175,0,0,-6.33702,59.989,59.9926,-0.177948,-2.1311,-176.583,
-6.55617,0,0,-6.5488,-6.50092,0,0,-6.46777,59.989,59.9926,-0.187052,-2.10981,-176.58,
-6.68508,0,0,-6.67772,-6.63168,0,0,-6.61326,59.989,59.9926,-0.175315,-2.13101,-176.586,
-6.83057,0,0,-6.81215,-6.77901,0,0,-6.74401,59.989,59.9926,-0.172595,-2.13412,-176.581,
-6.95948,0,0,-6.96501,-6.90792,0,0,-6.87661,59.989,59.9926,-0.159002,-2.12138,-176.576,
-7.10681,0,0,-7.09945,-7.05525,0,0,-7.03131,59.989,59.9926,-0.169698,-2.11263,-176.573,
-7.23573,0,0,-7.22836,-7.186,0,0,-7.16206,59.989,59.9926,-0.166958,-2.12224,-176.569,
-7.38306,0,0,-7.37385,-7.32228,0,0,-7.30939,59.989,59.9926,-0.157451,-2.10753,-176.566,
-7.51197,0,0,-7.5046,-7.4733,0,0,-7.43831,59.989,59.9926,-0.174769,-2.07944,-176.57,
-7.65562,0,0,-7.64088,-7.60958,0,0,-7.58748,59.989,59.9926,-0.19069,-2.10774,-176.583,
-7.78453,0,0,-7.78637,-7.74217,0,0,-7.71639,59.989,59.9926,-0.193545,-2.12163,-176.592,
-7.93186,0,0,-7.91713,-7.88766,0,0,-7.85267,59.989,59.9926,-0.193442,-2.12819,-176.59,
-8.06077,0,0,-8.05157,-8.0221,0,0,-8.00368,59.989,59.9926,-0.187702,-2.12968,-176.597,
-8.19521,0,0,-8.19705,-8.1547,0,0,-8.1326,59.989,59.9926,-0.203312,-2.12852,-176.609,
-8.34254,0,0,-8.32413,-8.30387,0,0,-8.26888,59.989,59.9926,-0.218707,-2.14323,-176.61,
-8.47514,0,0,-8.45672,-8.43831,0,0,-8.41805,59.989,59.9926,-0.216277,-2.13535,-176.611,
-8.60773,0,0,-8.60773,-8.5709,0,0,-8.55433,59.989,59.9926,-0.195558,-2.1231,-176.599,
-8.75691,0,0,-8.73481,-8.72007,0,0,-8.68324,59.989,59.9926,-0.19627,-2.11035,-176.599,
-8.88582,0,0,-8.88398,-8.85083,0,0,-8.83241,59.989,59.9926,-0.198281,-2.13686,-176.601,
-9.02947,0,0,-9.01105,-8.99816,0,0,-8.96133,59.989,59.9926,-0.183698,-2.12633,-176.602,
-9.16022,0,0,-9.15838,-9.13076,0,0,-9.1105,59.989,59.9926,-0.17094,-2.12826,-176.607,
-9.30939,0,0,-9.28913,-9.26704,0,0,-9.24309,59.989,59.9926,-0.181486,-2.12467,-176.598,
-9.44567,0,0,-9.43646,-9.41805,0,0,-9.39042,59.989,59.9926,-0.168012,-2.14739,-176.608,
-9.57827,0,0,-9.56538,-9.55064,0,0,-9.52118,59.989,59.9926,-0.185502,-2.13955,-176.611,
-9.71271,0,0,-9.69798,-9.68692,0,0,-9.66851,59.989,59.9926,-0.183016,-2.15576,-176.608,
-9.86004,0,0,-9.84899,-9.83794,0,0,-9.80111,59.989,59.9926,-0.192363,-2.16481,-176.601,
-9.99448,0,0,-9.97606,-9.97053,0,0,-9.95212,59.989,59.9926,-0.203186,-2.19287,-176.609,
-10.1271,0,0,-10.1252,-10.1179,0,0,-10.0884,59.989,59.9926,-0.208231,-2.18645,-176.598,
-10.2615,0,0,-10.2597,-10.2523,0,0,-10.2173,59.989,59.9926,-0.186605,-2.18696,-176.604,
-10.407,0,0,-10.3886,-10.3886,0,0,-10.3536,59.989,59.9926,-0.176321,-2.181,-176.599,
-10.5396,0,0,-10.5378,-10.5341,0,0,-10.4917,59.989,59.9926,-0.166653,-2.1508,-176.59,
-10.6832,0,0,-10.6648,-10.6648,0,0,-10.6409,59.989,59.9926,-0.195701,-2.16378,-176.586,
-10.8122,0,0,-10.8011,-10.8029,0,0,-10.7735,59.989,59.9926,-0.163225,-2.1636,-176.584,
-10.9613,0,0,-10.9503,-10.9521,0,0,-10.9098,59.989,59.9926,-0.177064,-2.19748,-176.58,
-11.0939,0,0,-11.0847,-11.0829,0,0,-11.0571,59.989,59.9926,-0.188549,-2.18009,-176.578,
-11.2247,0,0,-11.2136,-11.2302,0,0,-11.186,59.989,59.9926,-0.211957,-2.20333,-176.579,
-11.3702,0,0,-11.3665,-11.3628,0,0,-11.3352,59.989,59.9926,-0.184288,-2.15942,-176.58,
-11.5028,0,0,-11.4936,-11.5101,0,0,-11.4641,59.989,59.9926,-0.216508,-2.19862,-176.578,
-11.6519,0,0,-11.6464,-11.6593,0,0,-11.6133,59.989,59.9926,-0.237229,-2.1584,-176.576,
-11.7864,0,0,-11.7772,-11.7956,0,0,-11.7495,59.989,59.9926,-0.210268,-2.16938,-176.584,
-11.9319,0,0,-11.9227,-11.9282,0,0,-11.8987,59.989,59.9926,-0.195942,-2.19373,-176.575,
-12.0608,0,0,-12.0534,-12.0773,0,0,-12.0276,59.989,59.9926,-0.190047,-2.17257,-176.576,
-12.2063,0,0,-12.1823,-12.2136,0,0,-12.1768,59.989,59.9926,-0.17155,-2.17847,-176.591,
-12.3425,0,0,-12.3333,-12.3499,0,0,-12.3057,59.989,59.9926,-0.171442,-2.17436,-176.581,
-12.477,0,0,-12.4604,-12.4843,0,0,-12.4567,59.989,59.9926,-0.182226,-2.16993,-176.583,
-12.6206,0,0,-12.6077,-12.6335,0,0,-12.5856,59.989,59.9926,-0.163193,-2.18403,-176.584,
-12.7495,0,0,-12.7366,-12.7661,0,0,-12.7311,59.989,59.9926,-0.18033,-2.17428,-176.588,
-12.895,0,0,-12.8711,-12.9134,0,0,-12.8619,59.989,59.9926,-0.170848,-2.16524,-176.587,
-13.0239,0,0,-13.0184,-13.0424,0,0,-12.9963,59.989,59.9926,-0.171078,-2.14697,-176.591,
-13.1694,0,0,-13.1473,-13.1805,0,0,-13.1473,59.989,59.9926,-0.178423,-2.15449,-176.586,
-13.2983,0,0,-13.2818,-13.3278,0,0,-13.2762,59.989,59.9926,-0.194763,-2.14698,-176.59,
-13.4438,0,0,-13.4309,-13.4586,0,0,-13.4125,59.989,59.9926,-0.173104,-2.14237,-176.592,
-13.5727,0,0,-13.558,-13.6059,0,0,-13.5599,59.989,59.9926,-0.178926,-2.14521,-176.575,
-13.7164,0,0,-13.6943,-13.7385,0,0,-13.6961,59.989,59.9926,-0.187533,-2.14319,-176.581,
-13.8453,0,0,-13.8416,-13.8729,0,0,-13.825,59.989,59.9926,-0.188321,-2.12924,-176.583,
-13.9816,0,0,-13.9705,-14.0221,0,0,-13.9761,59.989,59.9926,-0.186711,-2.13334,-176.584,
-14.1308,0,0,-14.105,-14.1584,0,0,-14.1123,59.989,59.9926,-0.169155,-2.16347,-176.587,
-14.2652,0,0,-14.2523,-14.2928,0,0,-14.2449,59.989,59.9926,-0.154064,-2.16107,-176.58,
-14.3959,0,0,-14.3812,-14.4383,0,0,-14.3794,59.989,59.9926,-0.165722,-2.15575,-176.583,
-14.5451,0,0,-14.5267,-14.5691,0,0,-14.5304,59.989,59.9926,-0.142838,-2.15597,-176.58,
-14.6796,0,0,-14.6556,-14.7164,0,0,-14.6593,59.989,59.9926,-0.158304,-2.17233,-176.571,
-14.8085,0,0,-14.7901,-14.8471,0,0,-14.8085,59.989,59.9926,-0.192872,-2.18748,-176.566,
-14.9448,0,0,-14.9355,-14.9963,0,0,-14.9374,59.989,59.9926,-0.21137,-2.1777,-176.558,
-15.0921,0,0,-15.0645,-15.1344,0,0,-15.0755,59.989,59.9926,-0.173771,-2.17835,-176.563,
-15.2247,0,0,-15.1989,-15.2652,0,0,-15.2099,59.989,59.9926,-0.164409,-2.17923,-176.565,
-15.3591,0,0,-15.3481,-15.4015,0,0,-15.3591,59.989,59.9926,-0.161055,-2.17298,-176.57,
-15.5046,0,0,-15.477,-15.5488,0,0,-15.4954,59.989,59.9926,-0.157942,-2.16007,-176.573,
-15.6372,0,0,-15.6114,-15.6851,0,0,-15.628,59.989,59.9926,-0.195381,-2.18313,-176.57,
-15.7716,0,0,-15.7587,-15.8195,0,0,-15.7735,59.989,59.9926,-0.175418,-2.17646,-176.571,
-15.9171,0,0,-15.8858,-15.9669,0,0,-15.9024,59.989,59.9926,-0.167961,-2.18511,-176.578,
-16.0516,0,0,-16.035,-16.1031,0,0,-16.0534,59.989,59.9926,-0.150304,-2.15936,-176.588,
-16.1842,0,0,-16.1621,-16.2357,0,0,-16.1823,59.989,59.9926,-0.166012,-2.16981,-176.576,
-16.3297,0,0,-16.2965,-16.3867,0,0,-16.3186,59.989,59.9926,-0.193106,-2.15599,-176.576,
-16.4586,0,0,-16.4291,-16.523,0,0,-16.4512,59.989,59.9926,-0.187362,-2.17768,-176.584,
-16.5912,0,0,-16.5801,-16.6538,0,0,-16.6041,59.989,59.9926,-0.182126,-2.18513,-176.59,
-16.7385,0,0,-16.709,-16.7993,0,0,-16.7366,59.989,59.9926,-0.149367,-2.18936,-176.598,
-16.8748,0,0,-16.8545,-16.93,0,0,-16.8711,59.989,59.9926,-0.169229,-2.18416,-176.605,
-17.0074,0,0,-16.9853,-17.0792,0,0,-17.0221,59.989,59.9926,-0.177689,-2.16692,-176.611,
-17.1547,0,0,-17.1308,-17.2081,0,0,-17.151,59.989,59.9926,-0.200331,-2.12284,-176.614,
-17.2836,0,0,-17.2597,-17.3554,0,0,-17.2965,59.989,59.9926,-0.176929,-2.12075,-176.622,
-17.4291,0,0,-17.3941,-17.4862,0,0,-17.4273,59.989,59.9926,-0.208687,-2.11275,-176.622,
-17.5635,0,0,-17.5396,-17.6372,0,0,-17.5727,59.989,59.9926,-0.206093,-2.09733,-176.632,
-17.6961,0,0,-17.6685,-17.7716,0,0,-17.7017,59.989,59.9926,-0.202007,-2.11818,-176.64,
-17.8435,0,0,-17.8158,-17.9042,0,0,-17.8508,59.989,59.9926,-0.222203,-2.1212,-176.647,
-17.9761,0,0,-17.9429,-18.0516,0,0,-17.9797,59.989,59.9926,-0.221181,-2.13575,-176.644,
-18.1087,0,0,-18.0792,-18.186,0,0,-18.116,59.989,59.9926,-0.221759,-2.14739,-176.645,
-18.2523,0,0,-18.2247,-18.3204,0,0,-18.2652,59.989,59.9926,-0.223801,-2.14339,-176.646,
-18.3886,0,0,-18.3518,-18.4659,0,0,-18.396,59.989,59.9926,-0.17944,-2.18073,-176.641,
-18.5193,0,0,-18.488,-18.5967,0,0,-18.5433,59.989,59.9926,-0.234619,-2.19784,-176.645,
-18.6685,0,0,-18.6354,-18.744,0,0,-18.6796,59.989,59.9926,-0.207866,-2.19494,-176.647,
-18.8048,0,0,-18.7643,-18.8803,0,0,-18.8085,59.989,59.9926,-0.223839,-2.17344,-176.645,
-18.9337,0,0,-18.9116,-19.0147,0,0,-18.9576,59.989,59.9926,-0.208059,-2.18692,-176.641,
-19.0829,0,0,-19.0405,-19.1639,0,0,-19.0939,59.989,59.9926,-0.19396,-2.17863,-176.64,
-19.2192,0,0,-19.175,-19.2965,0,0,-19.2228,59.989,59.9926,-0.190823,-2.16756,-176.643,
-19.3481,0,0,-19.3204,-19.4291,0,0,-19.372,59.989,59.9926,-0.204942,-2.17192,-176.632,
-19.4917,0,0,-19.4512,-19.5764,0,0,-19.5009,59.989,59.9926,-0.206382,-2.17057,-176.622,
-19.6206,0,0,-19.5856,-19.7109,0,0,-19.6372,59.989,59.9926,-0.232365,-2.13834,-176.633,
-19.768,0,0,-19.733,-19.8582,0,0,-19.7882,59.989,59.9926,-0.225274,-2.12833,-176.648,
-19.8969,0,0,-19.8692,-19.989,0,0,-19.9171,59.989,59.9926,-0.183095,-2.14681,-176.657,
-20.0424,0,0,-20,-20.1215,0,0,-20.0534,59.989,59.9926,-0.191504,-2.15036,-176.653,
-20.175,0,0,-20.1344,-20.2744,0,0,-20.1878,59.989,59.9926,-0.177863,-2.15321,-176.646,
-20.3204,0,0,-20.2707,-20.4125,0,0,-20.3407,59.989,59.9926,-0.188884,-2.16558,-176.643,
-20.4494,0,0,-20.4199,-20.5433,0,0,-20.4696,59.989,59.9926,-0.188921,-2.16267,-176.647,
-20.5948,0,0,-20.5488,-20.6796,0,0,-20.6206,59.989,59.9926,-0.196788,-2.18214,-176.666,
-20.7274,0,0,-20.6943,-20.8324,0,0,-20.7495,59.989,59.9926,-0.167628,-2.18169,-176.667,
-20.86,0,0,-20.8232,-20.9669,0,0,-20.895,59.989,59.9926,-0.163352,-2.14349,-176.659,
-21.0074,0,0,-20.9687,-21.1013,0,0,-21.0276,59.989,59.9926,-0.165312,-2.16602,-176.666,
-21.1418,0,0,-21.1031,-21.2339,0,0,-21.1565,59.989,59.9926,-0.198338,-2.13945,-176.658,
-21.2744,0,0,-21.232,-21.3831,0,0,-21.3094,59.989,59.9926,-0.225187,-2.14667,-176.662,
-21.4199,0,0,-21.3794,-21.5138,0,0,-21.4383,59.989,59.9926,-0.209516,-2.14616,-176.655,
-21.5488,0,0,-21.5083,-21.6648,0,0,-21.5856,59.989,59.9926,-0.218197,-2.15801,-176.661,
-21.698,0,0,-21.6538,-21.7974,0,0,-21.7146,59.989,59.9926,-0.228148,-2.15667,-176.655,
-21.8269,0,0,-21.7827,-21.93,0,0,-21.8508,59.989,59.9926,-0.215198,-2.18099,-176.646,
-21.9632,0,0,-21.93,-22.0663,0,0,-22.0018,59.989,59.9926,-0.229834,-2.18621,-176.649,
-22.1105,0,0,-22.0626,-22.2155,0,0,-22.1308,59.989,59.9926,-0.23025,-2.18541,-176.658,
-22.2449,0,0,-22.1934,-22.3518,0,0,-22.2762,59.989,59.9926,-0.247575,-2.18303,-176.643,
-22.3757,0,0,-22.3278,-22.4843,0,0,-22.4088,59.989,59.9926,-0.207068,-2.18387,-176.65,
-22.5249,0,0,-22.477,-22.6317,0,0,-22.5451,59.989,59.9926,-0.22306,-2.22036,-176.635,
-22.6538,0,0,-22.6114,-22.7643,0,0,-22.6814,59.989,59.9926,-0.235269,-2.22827,-176.626,
-22.7993,0,0,-22.7403,-22.9116,0,0,-22.8158,59.989,59.9926,-0.237375,-2.21619,-176.622,
-22.9282,0,0,-22.8877,-23.0479,0,0,-22.9687,59.989,59.9926,-0.235917,-2.21364,-176.616,
-23.0737,0,0,-23.0166,-23.1805,0,0,-23.0976,59.989,59.9926,-0.232136,-2.19971,-176.617,
-23.2026,0,0,-23.1621,-23.3278,0,0,-23.232,59.989,59.9926,-0.207702,-2.16709,-176.629,
-23.3517,0,0,-23.2965,-23.4641,0,0,-23.3831,59.989,59.9926,-0.200222,-2.17781,-176.62,
-23.4843,0,0,-23.4254,-23.6022,0,0,-23.512,59.989,59.9926,-0.212974,-2.17541,-176.615,
-23.6188,0,0,-23.5727,-23.7348,0,0,-23.6611,59.989,59.9926,-0.197964,-2.17182,-176.603,
-23.7514,0,0,-23.7017,-23.8821,0,0,-23.7937,59.989,59.9926,-0.188712,-2.18523,-176.605,
-23.8987,0,0,-23.8471,-24.0147,0,0,-23.9227,59.989,59.9926,-0.16824,-2.18844,-176.608,
-24.0368,0,0,-23.9779,-24.1602,0,0,-24.0755,59.989,59.9926,-0.178324,-2.18598,-176.615,
-24.1713,0,0,-24.1142,-24.291,0,0,-24.2081,59.989,59.9926,-0.225923,-2.15052,-176.607,
-24.3168,0,0,-24.2634,-24.4383,0,0,-24.3425,59.989,59.9926,-0.210305,-2.14477,-176.605,
-24.4457,0,0,-24.3959,-24.5691,0,0,-24.4936,59.989,59.9926,-0.219854,-2.1324,-176.62,
-24.5912,0,0,-24.523,-24.7053,0,0,-24.6225,59.989,59.9926,-0.212673,-2.13313,-176.63,
-24.7274,0,0,-24.6556,-24.8545,0,0,-24.7698,59.989,59.9926,-0.220038,-2.13873,-176.636,
-24.86,0,0,-24.8066,-24.9871,0,0,-24.8987,59.989,59.9926,-0.21684,-2.13468,-176.636,
-25.0055,0,0,-24.9355,-25.1215,0,0,-25.0497,59.989,59.9926,-0.235997,-2.11685,-176.645,
-25.1344,0,0,-25.0847,-25.2726,0,0,-25.1842,59.989,59.9926,-0.231629,-2.13818,-176.652,
-25.2707,0,0,-25.221,-25.407,0,0,-25.3168,59.989,59.9926,-0.219888,-2.13265,-176.653,
-25.4217,0,0,-25.3499,-25.5396,0,0,-25.4641,59.989,59.9926,-0.2155,-2.11748,-176.644,
-25.5506,0,0,-25.4972,-25.6906,0,0,-25.593,59.989,59.9926,-0.20325,-2.10719,-176.648,
-25.6961,0,0,-25.6243,-25.8214,0,0,-25.7403,59.989,59.9926,-0.213675,-2.12195,-176.65,
-25.8306,0,0,-25.7698,-25.9576,0,0,-25.8766,59.989,59.9926,-0.218291,-2.0954,-176.656,
-25.9613,0,0,-25.8987,-26.1105,0,0,-26.0055,59.989,59.9926,-0.222552,-2.14484,-176.652,
-26.0976,0,0,-26.0331,-26.2431,0,0,-26.1547,59.989,59.9926,-0.242615,-2.14607,-176.653,
-26.2449,0,0,-26.1823,-26.3775,0,0,-26.2836,59.989,59.9926,-0.235342,-2.17713,-176.666,
-26.3812,0,0,-26.3112,-26.523,0,0,-26.4199,59.989,59.9926,-0.223407,-2.16398,-176.67,
-26.5138,0,0,-26.4475,-26.6538,0,0,-26.5727,59.989,59.9926,-0.226396,-2.17198,-176.669,
-26.6483,0,0,-26.5801,-26.8048,0,0,-26.7017,59.989,59.9926,-0.219314,-2.16456,-176.671,
-26.7974,0,0,-26.7311,-26.9374,0,0,-26.8379,59.989,59.9926,-0.223285,-2.18713,-176.677,
-26.9337,0,0,-26.8582,-27.07,0,0,-26.9963,59.989,59.9926,-0.247536,-2.19095,-176.668,
-27.0663,0,0,-26.9945,-27.2063,0,0,-27.1326,59.989,59.9926,-0.220623,-2.18047,-176.673,
-27.2099,0,0,-27.1436,-27.3591,0,0,-27.2615,59.989,59.9926,-0.221488,-2.16711,-176.66,
-27.3425,0,0,-27.2707,-27.4972,0,0,-27.4125,59.989,59.9926,-0.210463,-2.15177,-176.652,
-27.488,0,0,-27.418,-27.6335,0,0,-27.5414,59.989,59.9926,-0.203959,-2.15139,-176.654,
-27.6206,0,0,-27.5506,-27.768,0,0,-27.6906,59.989,59.9926,-0.217147,-2.18207,-176.647,
-27.768,0,0,-27.6961,-27.9153,0,0,-27.8195,59.989,59.9926,-0.210577,-2.15889,-176.655,
-27.8969,0,0,-27.8232,-28.0534,0,0,-27.9687,59.989,59.9926,-0.226747,-2.17918,-176.658,
-28.046,0,0,-27.9724,-28.186,0,0,-28.1013,59.989,59.9926,-0.176228,-2.17769,-176.654,
-28.175,0,0,-28.1087,-28.3389,0,0,-28.2523,59.989,59.9926,-0.189283,-2.1847,-176.651,
-28.326,0,0,-28.2357,-28.4751,0,0,-28.3849,59.989,59.9926,-0.183503,-2.1505,-176.638,
-28.4567,0,0,-28.3683,-28.6059,0,0,-28.5212,59.989,59.9926,-0.194004,-2.14187,-176.632,
-28.5893,0,0,-28.523,-28.7532,0,0,-28.6538,59.989,59.9926,-0.179304,-2.13124,-176.629,
-28.7238,0,0,-28.6556,-28.8895,0,0,-28.8066,59.989,59.9926,-0.185213,-2.15546,-176.634,
-28.8729,0,0,-28.7864,-29.0203,0,0,-28.9429,59.989,59.9926,-0.173029,-2.15881,-176.628,
-29.0074,0,0,-28.9208,-29.1676,0,0,-29.0773,59.989,59.9926,-0.171556,-2.17353,-176.628,
-29.14,0,0,-29.0681,-29.2983,0,0,-29.2265,59.989,59.9926,-0.169106,-2.17909,-176.627,
-29.2762,0,0,-29.1971,-29.4475,0,0,-29.3554,59.989,59.9926,-0.166663,-2.1985,-176.624,
-29.4236,0,0,-29.3425,-29.5838,0,0,-29.5046,59.989,59.9926,-0.152065,-2.1882,-176.631,
-29.558,0,0,-29.4733,-29.7164,0,0,-29.6335,59.989,59.9926,-0.177456,-2.17977,-176.625,
-29.6925,0,0,-29.6022,-29.8637,0,0,-29.7882,59.989,59.9926,-0.169834,-2.18472,-176.62,
-29.8287,0,0,-29.7532,-29.9945,0,0,-29.9171,59.989,59.9926,-0.199047,-2.15273,-176.617,
-29.9761,0,0,-29.8821,-30.14,0,0,-30.0534,59.989,59.9926,-0.197243,-2.16823,-176.614,
-30.1123,0,0,-30.0166,-30.2744,0,0,-30.2063,59.989,59.9926,-0.190407,-2.16784,-176.619,
-30.2449,0,0,-30.1657,-30.407,0,0,-30.3352,59.989,59.9926,-0.186447,-2.18848,-176.61,
-30.3886,0,0,-30.2947,-30.5562,0,0,-30.4825,59.989,59.9926,-0.212641,-2.16883,-176.608,
-30.5267,0,0,-30.4401,-30.6906,0,0,-30.6114,59.989,59.9926,-0.181617,-2.14984,-176.613,
-30.6575,0,0,-30.5691,-30.825,0,0,-30.7587,59.989,59.9926,-0.189024,-2.14198,-176.612,
-30.8085,0,0,-30.7053,-30.9761,0,0,-30.8913,59.989,59.9926,-0.185055,-2.13538,-176.61,
-30.9374,0,0,-30.8545,-31.1123,0,0,-31.0497,59.989,59.9926,-0.181486,-2.12061,-176.603,
-31.0829,0,0,-30.989,-31.2486,0,0,-31.1786,59.989,59.9926,-0.213685,-2.14151,-176.6,
-31.2192,0,0,-31.1179,-31.3849,0,0,-31.3278,59.989,59.9926,-0.219794,-2.12592,-176.609,
-31.3499,0,0,-31.267,-31.5341,0,0,-31.4567,59.989,59.9926,-0.198858,-2.13498,-176.608,
-31.4991,0,0,-31.3941,-31.6648,0,0,-31.6077,59.989,59.9926,-0.174239,-2.15631,-176.614,
-31.6354,0,0,-31.5396,-31.8122,0,0,-31.744,59.989,59.9926,-0.185596,-2.14268,-176.613,
-31.768,0,0,-31.6685,-31.9484,0,0,-31.8803,59.989,59.9926,-0.219316,-2.12688,-176.614,
-31.9006,0,0,-31.8029,-32.0829,0,0,-32.0295,59.989,59.9926,-0.218521,-2.09757,-176.627,
-32.0479,0,0,-31.9521,-32.2173,0,0,-32.1584,59.989,59.9926,-0.237126,-2.10359,-176.62,
-32.1768,0,0,-32.0829,-32.3665,0,0,-32.3076,59.989,59.9926,-0.212013,-2.12659,-176.626,
-32.3278,0,0,-32.2118,-32.4972,0,0,-32.4365,59.989,59.9926,-0.226466,-2.1665,-176.629,
-32.4641,0,0,-32.3628,-32.6464,0,0,-32.5875,59.989,59.9926,-0.221192,-2.16051,-176.638,
-32.593,0,0,-32.4936,-32.7772,0,0,-32.7182,59.989,59.9926,-0.200936,-2.16982,-176.637,
-32.7385,0,0,-32.628,-32.9263,0,0,-32.8545,59.989,59.9926,-0.189714,-2.1799,-176.633,
-32.8674,0,0,-32.7643,-33.0608,0,0,-32.989,59.989,59.9926,-0.161116,-2.19205,-176.654,
-33.0129,0,0,-32.9116,-33.1934,0,0,-33.1473,59.989,59.9926,-0.192161,-2.19028,-176.65,
-33.1455,0,0,-33.0405,-33.3297,0,0,-33.2781,59.989,59.9926,-0.181318,-2.13445,-176.642,
-33.2781,0,0,-33.186,-33.4788,0,0,-33.4346,59.989,59.9926,-0.187655,-2.15865,-176.641,
-33.4291,0,0,-33.3131,-33.6096,0,0,-33.5672,59.989,59.9926,-0.181364,-2.14649,-176.637,
-33.558,0,0,-33.4622,-33.7624,0,0,-33.7127,59.989,59.9926,-0.16948,-2.16643,-176.636,
-33.7072,0,0,-33.5912,-33.8969,0,0,-33.8453,59.989,59.9926,-0.185961,-2.14365,-176.629,
-33.8398,0,0,-33.7256,-34.0276,0,0,-33.9797,59.989,59.9926,-0.18415,-2.1494,-176.628,
-33.9705,0,0,-33.8711,-34.1713,0,0,-34.116,59.989,59.9926,-0.203551,-2.13882,-176.614,
-34.116,0,0,-34,-34.302,0,0,-34.2707,59.989,59.9926,-0.213054,-2.16541,-176.606,
-34.2449,0,0,-34.1455,-34.4401,0,0,-34.4015,59.989,59.9926,-0.200907,-2.17111,-176.629,
-34.3941,0,0,-34.2744,-34.5893,0,0,-34.5378,59.989,59.9926,-0.194973,-2.17969,-176.632,
-34.523,0,0,-34.4088,-34.7238,0,0,-34.6759,59.989,59.9926,-0.192638,-2.1973,-176.637,
-34.6685,0,0,-34.558,-34.8692,0,0,-34.8269,59.989,59.9926,-0.217669,-2.18515,-176.64,
-34.8011,0,0,-34.6869,-35.0055,0,0,-34.9632,59.989,59.9926,-0.212429,-2.17518,-176.641,
-34.9448,0,0,-34.8324,-35.1381,0,0,-35.0958,59.989,59.9926,-0.206305,-2.18616,-176.65,
-35.0774,0,0,-34.9595,-35.2799,0,0,-35.2431,59.989,59.9926,-0.211947,-2.21348,-176.652,
-35.2173,0,0,-35.105,-35.4033,0,0,-35.3812,59.989,59.9926,-0.203844,-2.21623,-176.651,
-35.3554,0,0,-35.2284,-35.5378,0,0,-35.4972,59.989,59.9926,-0.206654,-2.18142,-176.645,
-35.4788,0,0,-35.3665,-35.6648,0,0,-35.6317,59.989,59.9926,-0.215176,-2.18641,-176.652,
-35.5967,0,0,-35.4991,-35.779,0,0,-35.744,59.989,59.9926,-0.216126,-2.14782,-176.647,
-35.7238,0,0,-35.6133,-35.8969,0,0,-35.8692,59.989,59.9926,-0.231089,-2.13227,-176.653,
-35.8343,0,0,-35.7348,-36.0055,0,0,-35.9761,59.989,59.9926,-0.198327,-2.13756,-176.658,
-35.954,0,0,-35.8471,-36.1197,0,0,-36.0939,59.989,59.9926,-0.208454,-2.11177,-176.653,
-36.0589,0,0,-35.9669,-36.2173,0,0,-36.2026,59.989,59.9926,-0.196549,-2.15192,-176.65,
-36.1713,0,0,-36.0681,-36.3297,0,0,-36.2983,59.989,59.9926,-0.20591,-2.1646,-176.638,
-36.2781,0,0,-36.1823,-36.4236,0,0,-36.4052,59.989,59.9926,-0.22587,-2.16349,-176.65,
-36.3738,0,0,-36.2762,-36.5267,0,0,-36.4936,59.989,59.9926,-0.226918,-2.16098,-176.647,
-36.4788,0,0,-36.3849,-36.6243,0,0,-36.5967,59.989,59.9926,-0.214948,-2.14239,-176.661,
-36.5654,0,0,-36.4733,-36.7127,0,0,-36.6832,59.989,59.9926,-0.192964,-2.16453,-176.666,
-36.663,0,0,-36.5746,-36.8048,0,0,-36.7772,59.989,59.9926,-0.199195,-2.17459,-176.662,
-36.7477,0,0,-36.6593,-36.8877,0,0,-36.8656,59.989,59.9926,-0.216855,-2.15662,-176.647,
-36.8416,0,0,-36.7551,-36.9669,0,0,-36.9411,59.989,59.9926,-0.262585,-2.21529,-176.65,
-36.9282,0,0,-36.8343,-37.0479,0,0,-37.0276,59.989,59.9926,-0.272192,-2.18558,-176.655,
-37.0037,0,0,-36.9227,-37.1234,0,0,-37.1013,59.989,59.9926,-0.247231,-2.15475,-176.661,
-37.0884,0,0,-36.9982,-37.2044,0,0,-37.1842,59.989,59.9926,-0.222231,-2.1385,-176.66,
-37.1602,0,0,-37.0847,-37.2762,0,0,-37.2523,59.989,59.9926,-0.22902,-2.17987,-176.657,
-37.2376,0,0,-37.1547,-37.3517,0,0,-37.3315,59.989,59.9926,-0.232975,-2.20338,-176.656,
-37.3076,0,0,-37.2339,-37.4144,0,0,-37.4033,59.989,59.9926,-0.232114,-2.20971,-176.658,
-37.3812,0,0,-37.3002,-37.4862,0,0,-37.4641,59.989,59.9926,-0.23526,-2.21318,-176.665,
-37.4512,0,0,-37.3757,-37.5488,0,0,-37.5359,59.989,59.9926,-0.260993,-2.18784,-176.671,
-37.5138,0,0,-37.4383,-37.6169,0,0,-37.5967,59.989,59.9926,-0.223571,-2.21008,-176.685,
-37.582,0,0,-37.5101,-37.6759,0,0,-37.6648,59.989,59.9926,-0.227461,-2.19849,-176.686,
-37.6427,0,0,-37.5691,-37.7385,0,0,-37.7201,59.989,59.9926,-0.226451,-2.20196,-176.694,
-37.7053,0,0,-37.6354,-37.7956,0,0,-37.7827,59.989,59.9926,-0.210215,-2.17522,-176.697,
-37.7606,0,0,-37.6906,-37.8564,0,0,-37.8361,59.989,59.9926,-0.212823,-2.1597,-176.69,
-37.8214,0,0,-37.7551,-37.9079,0,0,-37.895,59.989,59.9926,-0.207867,-2.15464,-176.688,
-37.8748,0,0,-37.8066,-37.965,0,0,-37.9429,59.989,59.9926,-0.198868,-2.1544,-176.683,
-37.9319,0,0,-37.8656,-38.0184,0,0,-38,59.989,59.9926,-0.203949,-2.16154,-176.671,
-37.9816,0,0,-37.9153,-38.0663,0,0,-38.0479,59.989,59.9926,-0.207241,-2.14121,-176.661,
-38.035,0,0,-37.9687,-38.1142,0,0,-38.1013,59.989,59.9926,-0.191759,-2.14838,-176.652,
-38.0866,0,0,-38.0184,-38.1639,0,0,-38.1455,59.989,59.9926,-0.218138,-2.09728,-176.649,
-38.1308,0,0,-38.0681,-38.2118,0,0,-38.1971,59.989,59.9926,-0.215781,-2.12068,-176.645,
-38.1805,0,0,-38.1142,-38.2578,0,0,-38.2376,59.989,59.9926,-0.219789,-2.09914,-176.64,
-38.2284,0,0,-38.1639,-38.2983,0,0,-38.2854,59.989,59.9926,-0.183314,-2.11997,-176.631,
-38.2707,0,0,-38.2063,-38.3425,0,0,-38.3241,59.989,59.9926,-0.188701,-2.13404,-176.625,
-38.3149,0,0,-38.2523,-38.3812,0,0,-38.3683,59.989,59.9926,-0.197365,-2.14563,-176.616,
-38.3536,0,0,-38.2928,-38.4236,0,0,-38.4052,59.989,59.9926,-0.197598,-2.14583,-176.612,
-38.3941,0,0,-38.337,-38.4604,0,0,-38.4475,59.989,59.9926,-0.184105,-2.14148,-176.605,
-38.4328,0,0,-38.3738,-38.5009,0,0,-38.4825,59.989,59.9926,-0.179473,-2.1482,-176.61,
-38.4733,0,0,-38.4162,-38.5378,0,0,-38.523,59.989,59.9926,-0.218204,-2.14781,-176.612,
-38.5064,0,0,-38.4512,-38.5709,0,0,-38.5543,59.989,59.9926,-0.208499,-2.14767,-176.614,
-38.5451,0,0,-38.4899,-38.6077,0,0,-38.593,59.989,59.9926,-0.216677,-2.15525,-176.609,
-38.5783,0,0,-38.523,-38.639,0,0,-38.6225,59.989,59.9926,-0.21545,-2.14981,-176.621,
-38.6133,0,0,-38.5599,-38.6722,0,0,-38.6575,59.989,59.9926,-0.209571,-2.15078,-176.624,
-38.6446,0,0,-38.5912,-38.7053,0,0,-38.6906,59.989,59.9926,-0.188595,-2.16583,-176.627,
-38.6777,0,0,-38.628,-38.7348,0,0,-38.7201,59.989,59.9926,-0.187078,-2.1782,-176.629,
-38.709,0,0,-38.6556,-38.7643,0,0,-38.7477,59.989,59.9926,-0.163895,-2.16928,-176.642,
-38.7385,0,0,-38.6869,-38.7937,0,0,-38.7772,59.989,59.9926,-0.163216,-2.17689,-176.632,
-38.7698,0,0,-38.7201,-38.8195,0,0,-38.8048,59.989,59.9926,-0.181132,-2.16331,-176.621,
-38.7956,0,0,-38.7459,-38.8471,0,0,-38.8343,59.989,59.9926,-0.167355,-2.15873,-176.63,
-38.825,0,0,-38.7735,-38.8748,0,0,-38.86,59.989,59.9926,-0.200855,-2.15428,-176.616,
-38.8527,0,0,-38.8011,-38.9006,0,0,-38.884,59.989,59.9926,-0.181153,-2.16976,-176.609,
-38.8785,0,0,-38.8287,-38.9263,0,0,-38.9098,59.989,59.9926,-0.189359,-2.16736,-176.611,
-38.9042,0,0,-38.8545,-38.9503,0,0,-38.9355,59.989,59.9926,-0.202074,-2.16384,-176.621,
-38.9282,0,0,-38.8803,-38.9742,0,0,-38.9595,59.989,59.9926,-0.210498,-2.14435,-176.62,
-38.9521,0,0,-38.9024,-38.9963,0,0,-38.9816,59.989,59.9926,-0.203926,-2.12371,-176.613,
-38.9742,0,0,-38.9263,-39.0166,0,0,-39.0018,59.989,59.9926,-0.188346,-2.10341,-176.608,
-38.9945,0,0,-38.9503,-39.0387,0,0,-39.0239,59.989,59.9926,-0.180079,-2.12796,-176.597,
-39.0184,0,0,-38.9742,-39.0608,0,0,-39.046,59.989,59.9926,-0.188943,-2.15382,-176.603,
-39.0405,0,0,-38.9963,-39.0829,0,0,-39.0681,59.989,59.9926,-0.201706,-2.13729,-176.593,
-39.0626,0,0,-39.0147,-39.1068,0,0,-39.0902,59.989,59.9926,-0.213161,-2.14668,-176.592,
-39.0847,0,0,-39.0368,-39.1289,0,0,-39.1123,59.989,59.9926,-0.193897,-2.14647,-176.593,
-39.1068,0,0,-39.0571,-39.1492,0,0,-39.1344,59.989,59.9926,-0.194865,-2.15256,-176.586,
-39.1289,0,0,-39.0774,-39.1713,0,0,-39.1565,59.989,59.9926,-0.198207,-2.14676,-176.586,
-39.151,0,0,-39.0994,-39.1934,0,0,-39.1786,59.989,59.9926,-0.188861,-2.14444,-176.584,
-39.1713,0,0,-39.1215,-39.2173,0,0,-39.1989,59.989,59.9926,-0.201812,-2.14108,-176.578,
-39.1934,0,0,-39.1418,-39.2394,0,0,-39.221,59.989,59.9926,-0.216968,-2.16484,-176.573,
-39.2155,0,0,-39.1639,-39.2615,0,0,-39.2449,59.989,59.9926,-0.194921,-2.16291,-176.581,
-39.2376,0,0,-39.1823,-39.2854,0,0,-39.267,59.989,59.9926,-0.187329,-2.15832,-176.577,
-39.2597,0,0,-39.2044,-39.3057,0,0,-39.2891,59.989,59.9926,-0.174154,-2.15897,-176.584,
-39.2818,0,0,-39.2265,-39.3278,0,0,-39.3112,59.989,59.9926,-0.181549,-2.16678,-176.59,
-39.3039,0,0,-39.2486,-39.3517,0,0,-39.3333,59.989,59.9926,-0.154575,-2.16806,-176.597,
-39.326,0,0,-39.2689,-39.3738,0,0,-39.3554,59.989,59.9926,-0.168874,-2.15551,-176.59,
-39.3481,0,0,-39.291,-39.396,0,0,-39.3757,59.989,59.9926,-0.169534,-2.15488,-176.577,
-39.3702,0,0,-39.3094,-39.4199,0,0,-39.3978,59.989,59.9926,-0.165159,-2.14607,-176.58,
-39.3904,0,0,-39.3315,-39.4383,0,0,-39.4199,59.989,59.9926,-0.154182,-2.1467,-176.584,
-39.4125,0,0,-39.3536,-39.4586,0,0,-39.442,59.989,59.9926,-0.15444,-2.14916,-176.583,
-39.4346,0,0,-39.372,-39.4788,0,0,-39.4641,59.989,59.9926,-0.173911,-2.13915,-176.576,
-39.4567,0,0,-39.3941,-39.5009,0,0,-39.4862,59.989,59.9926,-0.191602,-2.14355,-176.582,
-39.4788,0,0,-39.4162,-39.5249,0,0,-39.5083,59.989,59.9926,-0.177834,-2.16055,-176.597,
-39.5009,0,0,-39.4383,-39.547,0,0,-39.5304,59.989,59.9926,-0.201625,-2.15908,-176.591,
-39.523,0,0,-39.4586,-39.5672,0,0,-39.5506,59.989,59.9926,-0.199384,-2.14722,-176.587,
-39.5433,0,0,-39.4807,-39.5912,0,0,-39.5727,59.989,59.9926,-0.202695,-2.14371,-176.584,
-39.5654,0,0,-39.5028,-39.6133,0,0,-39.5948,59.989,59.9926,-0.184805,-2.14498,-176.595,
-39.5875,0,0,-39.523,-39.6354,0,0,-39.6188,59.989,59.9926,-0.182029,-2.13982,-176.615,
-39.6114,0,0,-39.5451,-39.6593,0,0,-39.6409,59.989,59.9926,-0.168628,-2.153,-176.604,
-39.6335,0,0,-39.5635,-39.6759,0,0,-39.663,59.989,59.9926,-0.179098,-2.17138,-176.6,
-39.6538,0,0,-39.5856,-39.6998,0,0,-39.6851,59.989,59.9926,-0.202433,-2.1486,-176.602,
-39.674,0,0,-39.6077,-39.7219,0,0,-39.7072,59.989,59.9926,-0.200068,-2.13261,-176.609,
-39.698,0,0,-39.6298,-39.7459,0,0,-39.7274,59.989,59.9926,-0.196942,-2.13524,-176.612,
-39.7201,0,0,-39.6501,-39.7661,0,0,-39.7495,59.989,59.9926,-0.196862,-2.11114,-176.606,
-39.7422,0,0,-39.6722,-39.7882,0,0,-39.7716,59.989,59.9926,-0.204045,-2.13357,-176.6,
-39.7643,0,0,-39.6925,-39.8103,0,0,-39.7937,59.989,59.9926,-0.20493,-2.14291,-176.606,
-39.7864,0,0,-39.7146,-39.8324,0,0,-39.8158,59.989,59.9926,-0.216991,-2.1603,-176.594,
-39.8066,0,0,-39.7348,-39.8545,0,0,-39.8379,59.989,59.9926,-0.214355,-2.15488,-176.6,
-39.8287,0,0,-39.7588,-39.8785,0,0,-39.8619,59.989,59.9926,-0.216656,-2.166,-176.601,
-39.8508,0,0,-39.7772,-39.9006,0,0,-39.884,59.989,59.9926,-0.224739,-2.16732,-176.603,
-39.8729,0,0,-39.7993,-39.9227,0,0,-39.9061,59.989,59.9926,-0.217642,-2.15923,-176.604,
-39.895,0,0,-39.8214,-39.9448,0,0,-39.9282,59.989,59.9926,-0.220812,-2.15415,-176.607,
-39.9171,0,0,-39.8435,-39.9669,0,0,-39.9503,59.989,59.9926,-0.21185,-2.17345,-176.606,
-39.9392,0,0,-39.8637,-39.9853,0,0,-39.9724,59.989,59.9926,-0.204655,-2.16667,-176.609,
-39.9613,0,0,-39.8821,-39.9853,0,0,-39.9853,59.989,59.9926,-0.194796,-2.1504,-176.609,
-39.9816,0,0,-39.9061,-39.9853,0,0,-39.9853,59.989,59.9926,-0.182757,-2.16255,-176.6,
-39.9853,0,0,-39.9263,-39.9853,0,0,-39.9853,59.989,59.9926,-0.186111,-2.17625,-176.593,
-39.9853,0,0,-39.9484,-39.9853,0,0,-39.9853,59.989,59.9926,-0.182146,-2.16176,-176.588,
-39.9853,0,0,-39.9705,-39.9853,0,0,-39.9853,59.989,59.9926,-0.190133,-2.16032,-176.595,
-39.9853,0,0,-39.9853,-39.9853,0,0,-39.9853,59.989,59.9926,-0.192333,-2.17041,-176.599,
-39.9853,0,0,-39.9853,-39.9853,0,0,-39.9853,59.989,59.9926,-0.190802,-2.16126,-176.598,
-39.9853,0,0,-39.9853,-39.9853,0,0,-39.9853,59.989,59.9926,-0.198613,-2.153,-176.595,
-39.9853,0,0,-39.9853,-39.9853,0,0,-39.9853,59.989,59.9926,-0.189981,-2.15531,-176.589,
-39.9853,0,0,-39.9853,-39.9853,0,0,-39.9853,59.8379,59.8306,-0.182149,-2.13382,-176.587,
-39.9853,0,0,-39.9853,-39.9853,0,0,-39.9853,59.5727,59.5691,-0.178795,-2.13976,-176.578,
-39.9853,0,0,-39.9853,-39.9853,0,0,-39.9853,59.3149,59.3076,-0.178467,-2.15597,-176.59,
-39.9853,0,0,-39.9853,-39.9853,0,0,-39.9853,59.0203,58.9945,-0.198098,-2.13914,-176.589,
-39.9853,0,0,-39.9853,-39.9853,0,0,-39.9853,58.7587,58.7403,-0.199879,-2.13133,-176.595,
-39.9853,0,0,-39.9853,-39.9853,0,0,-39.9853,58.4678,58.442,-0.190272,-2.1224,-176.598,
-39.9853,0,0,-39.9853,-39.9853,0,0,-39.9853,58.2099,58.1878,-0.189296,-2.08973,-176.587,
-39.9853,0,0,-39.9853,-39.9853,0,0,-39.9853,57.919,57.8785,-0.19556,-2.08356,-176.592,
-39.9853,0,0,-39.9853,-39.9853,0,0,-39.9853,57.6501,57.6169,-0.203758,-2.13538,-176.597,
-39.9853,0,0,-39.9853,-39.9853,0,0,-39.9853,57.3886,57.3481,-0.203484,-2.11094,-176.598,
-39.9853,0,0,-39.9853,-39.9853,0,0,-39.9853,57.0829,57.0755,-0.201269,-2.11255,-176.609,
-39.9853,0,0,-39.9853,-39.9853,0,0,-39.9853,56.825,56.7661,-0.197585,-2.13025,-176.614,
-39.9853,0,0,-39.9853,-39.9853,0,0,-39.9853,56.5562,56.5046,-0.189212,-2.12313,-176.607,
-39.9853,0,0,-39.9853,-39.9853,0,0,-39.9853,56.2578,56.2394,-0.1939,-2.12434,-176.598,
-39.9853,0,0,-39.9853,-39.9853,0,0,-39.9853,56,55.93,-0.173482,-2.13105,-176.606,
-39.9853,0,0,-39.9853,-39.9853,0,0,-39.9853,55.7385,55.6722,-0.185691,-2.14068,-176.604,
-39.9853,0,0,-39.9853,-39.9853,0,0,-39.9853,55.4438,55.3628,-0.206151,-2.14745,-176.61,
-39.9853,0,0,-39.9853,-39.9853,0,0,-39.9853,55.175,55.1013,-0.202165,-2.14465,-176.607,
-39.9853,0,0,-39.9853,-39.9853,0,0,-39.9853,54.9061,54.8287,-0.187933,-2.15419,-176.604,
-39.9853,0,0,-39.9853,-39.9853,0,0,-39.9853,54.6151,54.523,-0.2218,-2.16726,-176.595,
-39.9853,0,0,-39.9853,-39.9853,0,0,-39.9853,54.3536,54.2652,-0.197876,-2.15006,-176.605,
-39.9853,0,0,-39.9853,-39.9853,0,0,-39.9853,54.0589,53.9595,-0.201487,-2.13702,-176.601,
-39.9853,0,0,-39.9853,-39.9853,0,0,-39.9853,53.7974,53.698,-0.187845,-2.17309,-176.597,
-39.9853,0,0,-39.9853,-39.9853,0,0,-39.9853,53.5249,53.4254,-0.172611,-2.15037,-176.597,
-39.9853,0,0,-39.9853,-39.9853,0,0,-39.9853,53.2339,53.116,-0.176516,-2.13584,-176.595,
-39.9853,0,0,-39.9853,-39.9853,0,0,-39.9853,52.9724,52.8619,-0.163392,-2.12621,-176.592,
-39.9853,0,0,-39.9853,-39.9853,0,0,-39.9853,52.674,52.5967,-0.182112,-2.13363,-176.584,
-39.9853,0,0,-39.9853,-39.9853,0,0,-39.9853,52.4052,52.2762,-0.177711,-2.13952,-176.579,
-39.9853,0,0,-39.9853,-39.9853,0,0,-39.9853,52.1437,52.0221,-0.175829,-2.1483,-176.58,
-39.9853,0,0,-39.9853,-39.9853,0,0,-39.9853,51.8453,51.7569,-0.160841,-2.14267,-176.582,
-39.9853,0,0,-39.9853,-39.9853,0,0,-39.9853,51.5838,51.4438,-0.138759,-2.10342,-176.584,
-39.9853,0,0,-39.9853,-39.9853,0,0,-39.9853,51.3186,51.186,-0.16014,-2.12473,-176.597,
-39.9853,0,0,-39.9853,-39.9853,0,0,-39.9853,51.0276,50.8766,-0.151142,-2.1359,-176.606,
-39.9853,0,0,-39.9853,-39.9853,0,0,-39.9853,50.7661,50.6225,-0.167354,-2.14289,-176.597,
-39.9853,0,0,-39.9853,-39.9853,0,0,-39.9853,50.5046,50.3536,-0.202694,-2.15157,-176.591,
-39.9853,0,0,-39.9853,-39.9853,0,0,-39.9853,50.2026,50.0442,-0.197842,-2.13383,-176.597,
-39.9853,0,0,-39.9853,-39.9853,0,0,-39.9853,49.9448,49.7901,-0.191753,-2.135,-176.607,
-39.9853,0,0,-39.9853,-39.9853,0,0,-39.9853,49.6759,49.5138,-0.182135,-2.15287,-176.603,
-39.9853,0,0,-39.9853,-39.9853,0,0,-39.9853,49.3775,49.2044,-0.186797,-2.17534,-176.609,
-39.9853,0,0,-39.9853,-39.9853,0,0,-39.9853,49.1123,48.9429,-0.182843,-2.15797,-176.614,
-39.9853,0,0,-39.9853,-39.9853,0,0,-39.9853,48.8435,48.6703,-0.200725,-2.181,-176.617,
-39.9853,0,0,-39.9853,-39.9853,0,0,-39.9853,48.5746,48.3978,-0.208587,-2.16743,-176.617,
-39.9853,0,0,-39.9853,-39.9853,0,0,-39.9853,48.2762,48.0847,-0.221453,-2.17741,-176.615,
-39.9853,0,0,-39.9853,-39.9853,0,0,-39.9853,48.0147,47.8269,-0.198578,-2.14857,-176.63,
-39.9853,0,0,-39.9853,-39.9853,0,0,-39.9853,47.7201,47.5212,-0.198518,-2.15729,-176.631,
-39.9853,0,0,-39.9853,-39.9853,0,0,-39.9853,47.4549,47.2597,-0.188916,-2.16557,-176.639,
-39.9853,0,0,-39.9853,-39.9853,0,0,-39.9853,47.1934,46.9908,-0.16997,-2.14888,-176.642,
-39.9853,0,0,-39.9853,-39.9853,0,0,-39.9853,46.8987,46.6814,-0.153269,-2.12048,-176.65,
-39.9853,0,0,-39.9853,-39.9853,0,0,-39.9853,46.6298,46.4088,-0.180546,-2.11786,-176.657,
-39.9853,0,0,-39.9853,-39.9853,0,0,-39.9853,46.3646,46.151,-0.188187,-2.1479,-176.67,
-39.9853,0,0,-39.9853,-39.9853,0,0,-39.9853,46.0626,45.8785,-0.172231,-2.14436,-176.685,
-39.9853,0,0,-39.9853,-39.9853,0,0,-39.9853,45.7937,45.5617,-0.172699,-2.12247,-176.677,
-39.9853,0,0,-39.9853,-39.9853,0,0,-39.9853,45.5249,45.3002,-0.187918,-2.11789,-176.669,
-39.9853,0,0,-39.9853,-39.9853,0,0,-39.9853,45.2634,45.0313,-0.180762,-2.11258,-176.667,
-39.9853,0,0,-39.9853,-39.9853,0,0,-39.9853,44.965,44.7256,-0.200152,-2.14237,-176.664,
-39.9853,0,0,-39.9853,-39.9853,0,0,-39.9853,44.7035,44.4641,-0.188575,-2.16039,-176.663,
-39.9853,0,0,-39.9853,-39.9853,0,0,-39.9853,44.4052,44.1952,-0.176594,-2.16014,-176.667,
-39.9853,0,0,-39.9853,-39.9853,0,0,-39.9853,44.1363,43.8821,-0.183222,-2.17415,-176.664,
-39.9853,0,0,-39.9853,-39.9853,0,0,-39.9853,43.8748,43.6206,-0.175432,-2.16695,-176.65,
-39.9853,0,0,-39.9853,-39.9853,0,0,-39.9853,43.6059,43.3481,-0.168748,-2.19276,-176.655,
-39.9853,0,0,-39.9853,-39.9853,0,0,-39.9853,43.3039,43.035,-0.182036,-2.18338,-176.648,
-39.9853,0,0,-39.9853,-39.9853,0,0,-39.9853,43.046,42.7808,-0.169507,-2.16807,-176.657,
-39.9853,0,0,-39.9853,-39.9853,0,0,-39.9853,42.7514,42.4751,-0.178623,-2.18471,-176.663,
-39.9853,0,0,-39.9853,-39.9853,0,0,-39.9853,42.4972,42.221,-0.176112,-2.17379,-176.664,
-39.9853,0,0,-39.9853,-39.9853,0,0,-39.9853,42.1989,41.9153,-0.152858,-2.16984,-176.666,
-39.9853,0,0,-39.9853,-39.9853,0,0,-39.9853,41.9411,41.6575,-0.182195,-2.16832,-176.658,
-39.9853,0,0,-39.9853,-39.9853,0,0,-39.9853,41.639,41.3849,-0.191621,-2.15827,-176.659,
-39.9853,0,0,-39.9853,-39.9853,0,0,-39.9853,41.3775,41.0866,-0.19352,-2.13741,-176.663,
-39.9853,0,0,-39.9853,-39.9853,0,0,-39.9853,41.1197,40.8214,-0.188922,-2.12989,-176.656,
-39.9853,0,0,-39.9853,-39.9853,0,0,-39.9853,40.8214,40.5083,-0.17642,-2.1465,-176.662,
-39.9853,0,0,-39.9853,-39.9853,0,0,-39.9853,40.5525,40.2505,-0.180975,-2.15055,-176.665,
-39.9853,0,0,-39.9853,-39.9853,0,0,-39.9853,40.2836,39.9779,-0.181495,-2.15341,-176.669,
-39.9853,0,0,-39.9853,-39.9853,0,0,-39.9853,39.989,39.6722,-0.152384,-2.1749,-176.679,
-39.9853,0,0,-39.9853,-39.9853,0,0,-39.9853,39.7311,39.418,-0.16391,-2.17159,-176.684,
-39.9853,0,0,-39.9853,-39.9853,0,0,-39.9853,39.4401,39.1087,-0.15605,-2.17181,-176.686,
-39.9853,0,0,-39.9853,-39.9853,0,0,-39.9853,39.1713,38.8361,-0.188739,-2.17404,-176.68,
-39.9853,0,0,-39.9853,-39.9853,0,0,-39.9853,38.9024,38.5746,-0.175112,-2.1574,-176.701,
-39.9853,0,0,-39.9853,-39.9853,0,0,-39.9853,38.6409,38.3057,-0.181405,-2.15102,-176.702,
-39.9853,0,0,-39.9853,-39.9853,0,0,-39.9853,38.3352,37.9926,-0.189753,-2.13993,-176.703,
-39.9853,0,0,-39.9853,-39.9853,0,0,-39.9853,38.0737,37.7311,-0.185823,-2.11924,-176.702,
-39.9853,0,0,-39.9853,-39.9853,0,0,-39.9853,37.8085,37.4622,-0.218936,-2.11576,-176.707,
-39.9853,0,0,-39.9853,-39.9853,0,0,-39.9853,37.5064,37.1897,-0.207141,-2.11509,-176.709,
-39.9853,0,0,-39.9853,-39.9853,0,0,-39.9853,37.2339,36.8729,-0.223743,-2.16283,-176.724,
-39.9853,0,0,-39.9853,-39.9853,0,0,-39.9853,36.9797,36.6188,-0.21091,-2.18448,-176.723,
-39.9853,0,0,-39.9853,-39.9853,0,0,-39.9853,36.7109,36.3462,-0.208316,-2.15478,-176.715,
-39.9853,0,0,-39.9853,-39.9853,0,0,-39.9853,36.4125,36.0331,-0.191772,-2.13301,-176.708,
-39.9853,0,0,-39.9853,-39.9853,0,0,-39.9853,36.151,35.779,-0.189709,-2.15954,-176.708,
-39.9853,0,0,-39.9853,-39.9853,0,0,-39.9853,35.86,35.477,-0.197617,-2.15976,-176.697,
-39.9853,0,0,-39.9853,-39.9853,0,0,-39.9853,35.6059,35.2192,-0.183931,-2.15409,-176.693,
-39.9853,0,0,-39.9853,-39.9853,0,0,-39.9853,35.3112,34.9098,-0.208699,-2.13211,-176.688,
-39.9853,0,0,-39.9853,-39.9853,0,0,-39.9853,35.0497,34.6556,-0.209075,-2.13493,-176.682,
-39.9853,0,0,-39.9853,-39.9853,0,0,-39.9853,34.7551,34.3462,-0.206253,-2.15038,-176.682,
-39.9853,0,0,-39.9853,-39.9853,0,0,-39.9853,34.4936,34.0921,-0.194385,-2.17232,-176.692,
-39.9853,0,0,-39.9853,-39.9853,0,0,-39.9853,34.1989,33.8269,-0.191383,-2.175,-176.694,
-39.9853,0,0,-39.9853,-39.9853,0,0,-39.9853,33.93,33.5138,-0.203706,-2.1729,-176.672,
-39.9853,0,0,-39.9853,-39.9853,0,0,-39.9853,33.6722,33.256,-0.203098,-2.18059,-176.66,
-39.9853,0,0,-39.9853,-39.9853,0,0,-39.9853,33.3812,32.9503,-0.210572,-2.15879,-176.654,
-39.9853,0,0,-39.9853,-39.9853,0,0,-39.9853,33.1197,32.6961,-0.219296,-2.16422,-176.653,
-39.9853,0,0,-39.9853,-39.9853,0,0,-39.9853,32.8177,32.4236,-0.210337,-2.18751,-176.658,
-39.9853,0,0,-39.9853,-39.9853,0,0,-39.9853,32.5488,32.1105,-0.187443,-2.14744,-176.654,
-39.9853,0,0,-39.9853,-39.9853,0,0,-39.9853,32.2947,31.8564,-0.169903,-2.14075,-176.656,
-39.9853,0,0,-39.9853,-39.9853,0,0,-39.9853,31.9926,31.547,-0.161683,-2.14811,-176.662,
-39.9853,0,0,-39.9853,-39.9853,0,0,-39.9853,31.7311,31.2855,-0.168211,-2.15896,-176.656,
-39.9853,0,0,-39.9853,-39.9853,0,0,-39.9853,31.4659,31.0166,-0.159082,-2.14634,-176.655,
-39.9853,0,0,-39.9853,-39.9853,0,0,-39.9853,31.1713,30.7109,-0.135829,-2.12258,-176.638,
-39.9853,0,0,-39.9853,-39.9853,0,0,-39.9853,30.9171,30.4567,-0.164014,-2.11358,-176.625,
-39.9853,0,0,-39.9853,-39.9853,0,0,-39.9853,30.6188,30.151,-0.16825,-2.13834,-176.638,
-39.9853,0,0,-39.9853,-39.9853,0,0,-39.9853,30.361,29.8969,-0.147752,-2.17344,-176.646,
-39.9853,0,0,-39.9853,-39.9853,0,0,-39.9853,30.07,29.5875,-0.153284,-2.17539,-176.646,
-39.9853,0,0,-39.9853,-39.9853,0,0,-39.9853,29.8085,29.3333,-0.175691,-2.17698,-176.636,
-39.9853,0,0,-39.9853,-39.9853,0,0,-39.9853,29.5175,29.0313,-0.18038,-2.1533,-176.639,
-39.9853,0,0,-39.9853,-39.9853,0,0,-39.9853,29.2597,28.7772,-0.16664,-2.16874,-176.636,
-39.9853,0,0,-39.9853,-39.9853,0,0,-39.9853,28.965,28.4715,-0.165117,-2.18949,-176.626,
-39.9853,0,0,-39.9853,-39.9853,0,0,-39.9853,28.7072,28.2136,-0.14371,-2.15754,-176.626,
-39.9853,0,0,-39.9853,-39.9853,0,0,-39.9853,28.4383,27.9411,-0.166447,-2.16457,-176.632,
-39.9853,0,0,-39.9853,-39.9853,0,0,-39.9853,28.1326,27.6685,-0.16943,-2.17055,-176.624,
-39.9853,0,0,-39.9853,-39.9853,0,0,-39.9853,27.8674,27.3517,-0.166365,-2.16613,-176.619,
-39.9853,0,0,-39.9853,-39.9853,0,0,-39.9853,27.5985,27.0902,-0.171905,-2.15614,-176.621,
-39.9853,0,0,-39.9853,-39.9853,0,0,-39.9853,27.3002,26.8214,-0.156172,-2.18475,-176.635,
-39.9853,0,0,-39.9853,-39.9853,0,0,-39.9853,27.0387,26.512,-0.163356,-2.18137,-176.641,
-39.9853,0,0,-39.9853,-39.9853,0,0,-39.9853,26.7772,26.2578,-0.168163,-2.22574,-176.637,
-39.9853,0,0,-39.9853,-39.9853,0,0,-39.9853,26.4825,25.9926,-0.184885,-2.21073,-176.637,
-39.9853,0,0,-39.9853,-39.9853,0,0,-39.9853,26.2136,25.6722,-0.179735,-2.21173,-176.648,
-39.9853,0,0,-39.9853,-39.9853,0,0,-39.9853,25.9521,25.4144,-0.148586,-2.17861,-176.645,
-39.9853,0,0,-39.9853,-39.9853,0,0,-39.9853,25.6464,25.1418,-0.139528,-2.15967,-176.64,
-39.9853,0,0,-39.9853,-39.9853,0,0,-39.9853,25.3849,24.8324,-0.141048,-2.18204,-176.636,
-39.9853,0,0,-39.9853,-39.9853,0,0,-39.9853,25.116,24.5672,-0.152932,-2.15299,-176.625,
-39.9853,0,0,-39.9853,-39.9853,0,0,-39.9853,24.825,24.2652,-0.150688,-2.14056,-176.632,
-39.9853,0,0,-39.9853,-39.9853,0,0,-39.9853,24.5599,24.0037,-0.170583,-2.1779,-176.621,
-39.9853,0,0,-39.9853,-39.9853,0,0,-39.9853,24.2652,23.7385,-0.190375,-2.19545,-176.628,
-39.9853,0,0,-39.9853,-39.9853,0,0,-39.9853,24,23.4291,-0.201354,-2.17663,-176.639,
-39.9853,0,0,-39.9853,-39.9853,0,0,-39.9853,23.7422,23.175,-0.188533,-2.15999,-176.641,
-39.9853,0,0,-39.9853,-39.9853,0,0,-39.9853,23.4438,22.8656,-0.177777,-2.18836,-176.643,
-39.9853,0,0,-39.9853,-39.9853,0,0,-39.9853,23.1897,22.6114,-0.173965,-2.19803,-176.648,
-39.9853,0,0,-39.9853,-39.9853,0,0,-39.9853,22.8913,22.3057,-0.191285,-2.19893,-176.639,
-39.9853,0,0,-39.9853,-39.9853,0,0,-39.9853,22.6335,22.0479,-0.182051,-2.17018,-176.631,
-39.9853,0,0,-39.9853,-39.9853,0,0,-39.9853,22.3315,21.7753,-0.190579,-2.14627,-176.644,
-39.9853,0,0,-39.9853,-39.9853,0,0,-39.9853,22.07,21.4622,-0.183928,-2.15644,-176.646,
-39.9853,0,0,-39.9853,-39.9853,0,0,-39.9853,21.8085,21.2081,-0.176606,-2.15742,-176.659,
-39.9853,0,0,-39.9853,-39.9853,0,0,-39.9853,21.5396,20.9355,-0.173835,-2.16191,-176.656,
-39.9853,0,0,-39.9853,-39.9853,0,0,-39.9853,21.2413,20.6262,-0.173484,-2.16176,-176.652,
-39.9853,0,0,-39.9853,-39.9853,0,0,-39.9853,20.9834,20.372,-0.174225,-2.16541,-176.656,
-39.9853,0,0,-39.9853,-39.9853,0,0,-39.9853,20.6851,20.0626,-0.181764,-2.1443,-176.661,
-39.9853,0,0,-39.9853,-39.9853,0,0,-39.9853,20.4199,19.7974,-0.172359,-2.11237,-176.66,
-39.9853,0,0,-39.9853,-39.9853,0,0,-39.9853,20.1584,19.5322,-0.168913,-2.13264,-176.67,
-39.9853,0,0,-39.9853,-39.9853,0,0,-39.9853,19.86,19.2192,-0.163785,-2.17017,-176.676,
-39.9853,0,0,-39.9853,-39.9853,0,0,-39.9853,19.5948,18.9576,-0.161487,-2.19919,-176.668,
-39.9853,0,0,-39.9853,-39.9853,0,0,-39.9853,19.3297,18.6888,-0.201273,-2.17911,-176.664,
-39.9853,0,0,-39.9853,-39.9853,0,0,-39.9853,19.035,18.4273,-0.207885,-2.16908,-176.67,
-39.9853,0,0,-39.9853,-39.9853,0,0,-39.9853,18.7661,18.1068,-0.199053,-2.1678,-176.667,
-39.9853,0,0,-39.9853,-39.9853,0,0,-39.9853,18.5046,17.8527,-0.187051,-2.16789,-176.672,
-39.9853,0,0,-39.9853,-39.9853,0,0,-39.9853,18.2063,17.5396,-0.189195,-2.19742,-176.687,
-39.9853,0,0,-39.9853,-39.9853,0,0,-39.9853,17.9374,17.2781,-0.195591,-2.17416,-176.696,
-39.9853,0,0,-39.9853,-39.9853,0,0,-39.9853,17.6759,17.0129,-0.200103,-2.14712,-176.691,
-39.9853,0,0,-39.9853,-39.9853,0,0,-39.9853,17.3812,16.7035,-0.197077,-2.16246,-176.683,
-39.9853,0,0,-39.9853,-39.9853,0,0,-39.9853,17.1197,16.4494,-0.192619,-2.19144,-176.687,
-39.9853,0,0,-39.9853,-39.9853,0,0,-39.9853,16.825,16.14,-0.21279,-2.1691,-176.676,
-39.9853,0,0,-39.9853,-39.9853,0,0,-39.9853,16.5672,15.8858,-0.21704,-2.14429,-176.675,
-39.9853,0,0,-39.9853,-39.9853,0,0,-39.9853,16.2762,15.6243,-0.214675,-2.15345,-176.663,
-39.9853,0,0,-39.9853,-39.9853,0,0,-39.9853,16.0074,15.3149,-0.211075,-2.15307,-176.666,
-39.9853,0,0,-39.9853,-39.9853,0,0,-39.9853,15.7459,15.0608,-0.195954,-2.13728,-176.672,
-39.9853,0,0,-39.9853,-39.9853,0,0,-39.9853,15.4475,14.7514,-0.1855,-2.14436,-176.698,
-39.9853,0,0,-39.9853,-39.9853,0,0,-39.9853,15.186,14.4972,-0.186115,-2.1358,-176.694,
-39.9853,0,0,-39.9853,-39.9853,0,0,-39.9853,14.895,14.1952,-0.201799,-2.15592,-176.678,
-39.9853,0,0,-39.9853,-39.9853,0,0,-39.9853,14.6372,13.9411,-0.195314,-2.1415,-176.676,
-39.9853,0,0,-39.9853,-39.9853,0,0,-39.9853,14.3352,13.6685,-0.192994,-2.17168,-176.663,
-39.9853,0,0,-39.9853,-39.9853,0,0,-39.9853,14.0737,13.3554,-0.213584,-2.18563,-176.649,
-39.9853,0,0,-39.9853,-39.9853,0,0,-39.9853,13.8122,13.1013,-0.191022,-2.17483,-176.654,
-39.9853,0,0,-39.9853,-39.9853,0,0,-39.9853,13.5064,12.825,-0.187732,-2.1622,-176.657,
-39.9853,0,0,-39.9853,-39.9853,0,0,-39.9853,13.2486,12.5267,-0.19791,-2.16248,-176.653,
-39.9853,0,0,-39.9853,-39.9853,0,0,-39.9853,12.9834,12.2615,-0.192733,-2.16408,-176.654,
-39.9853,0,0,-39.9853,-39.9853,0,0,-39.9853,12.6888,11.9521,-0.190454,-2.17357,-176.66,
-39.9853,0,0,-39.9853,-39.9853,0,0,-39.9853,12.4309,11.698,-0.184696,-2.19519,-176.657,
-39.9853,0,0,-39.9853,-39.9853,0,0,-39.9853,12.1326,11.3923,-0.167034,-2.20426,-176.651,
-39.9853,0,0,-39.9853,-39.9853,0,0,-39.9853,11.8785,11.1344,-0.188638,-2.17996,-176.66,
-39.9853,0,0,-39.9853,-39.9853,0,0,-39.9853,11.5838,10.8287,-0.16878,-2.19822,-176.666,
-39.9853,0,0,-39.9853,-39.9853,0,0,-39.9853,11.3149,10.5672,-0.174135,-2.20905,-176.652,
-39.9853,0,0,-39.9853,-39.9853,0,0,-39.9853,11.0571,10.302,-0.188817,-2.17529,-176.655,
-39.9853,0,0,-39.9853,-39.9853,0,0,-39.9853,10.7587,9.98895,-0.165701,-2.16646,-176.656,
-39.9853,0,0,-39.9853,-39.9853,0,0,-39.9853,10.4972,9.73481,-0.167467,-2.15562,-176.659,
-39.9853,0,0,-39.9853,-39.9853,0,0,-39.9853,10.1989,9.42542,-0.174786,-2.17262,-176.658,
-39.9853,0,0,-39.9853,-39.9853,0,0,-39.9853,9.9337,9.1639,-0.171838,-2.15243,-176.644,
-39.9853,0,0,-39.9853,-39.9853,0,0,-39.9853,9.67219,8.89503,-0.169997,-2.15996,-176.648,
-39.9853,0,0,-39.9853,-39.9853,0,0,-39.9853,9.37385,8.58932,-0.173894,-2.17306,-176.661,
-39.9853,0,0,-39.9853,-39.9853,0,0,-39.9853,9.11234,8.32781,-0.169617,-2.19291,-176.652,
-39.9853,0,0,-39.9853,-39.9853,0,0,-39.9853,8.814,8.06262,-0.162096,-2.19303,-176.655,
-39.9853,0,0,-39.9853,-39.9853,0,0,-39.9853,8.55617,7.75322,-0.164999,-2.19062,-176.655,
-39.9853,0,0,-39.9853,-39.9853,0,0,-39.9853,8.29466,7.4954,-0.188661,-2.18951,-176.653,
-39.9853,0,0,-39.9853,-39.9853,0,0,-39.9853,7.98895,7.18232,-0.160446,-2.16812,-176.659,
-39.9853,0,0,-39.9853,-39.9853,0,0,-39.9853,7.72744,6.92081,-0.162497,-2.14474,-176.652,
-39.9853,0,0,-39.9853,-39.9853,0,0,-39.9853,7.46225,6.65193,-0.176379,-2.1585,-176.652,
-39.9853,0,0,-39.9853,-39.9853,0,0,-39.9853,7.16759,6.33886,-0.182223,-2.13662,-176.649,
-39.9853,0,0,-39.9853,-39.9853,0,0,-39.9853,6.90608,6.08471,-0.174263,-2.15687,-176.657,
-39.9853,0,0,-39.9853,-39.9853,0,0,-39.9853,6.6372,5.81584,-0.176036,-2.16988,-176.659,
-39.9853,0,0,-39.9853,-39.9853,0,0,-39.9853,6.34254,5.50276,-0.184656,-2.16683,-176.662,
-39.9853,0,0,-39.9853,-39.9853,0,0,-39.9853,6.08103,5.24862,-0.180989,-2.20797,-176.663,
-39.9853,0,0,-39.9853,-39.9853,0,0,-39.9853,5.77901,4.97606,-0.175836,-2.20427,-176.663,
-39.9853,0,0,-39.9853,-39.9853,0,0,-39.9853,5.52486,4.68877,-0.156686,-2.18121,-176.661,
-39.9853,0,0,-39.9853,-39.9853,0,0,-39.9853,5.22652,4.43831,-0.174185,-2.19489,-176.654,
-39.9853,0,0,-39.9853,-39.9853,0,0,-39.9853,4.96133,4.16575,-0.159098,-2.16487,-176.651,
-39.9853,0,0,-39.9853,-39.9853,0,0,-39.9853,4.68508,3.9337,-0.169461,-2.16947,-176.651,
-39.9853,0,0,-39.9853,-39.9853,0,0,-39.9853,4.42726,3.74586,-0.160112,-2.15884,-176.656,
-39.9853,0,0,-39.9853,-39.9853,0,0,-39.9853,4.20258,3.52855,-0.171253,-2.17063,-176.646,
-39.9853,0,0,-39.9853,-39.9853,0,0,-39.9853,3.97053,3.33702,-0.152135,-2.15756,-176.651,
-39.9853,0,0,-39.9853,-39.9853,0,0,-39.9853,3.74954,3.1418,-0.182399,-2.20199,-176.644,
-39.9853,0,0,-39.9853,-39.9853,0,0,-39.9853,3.54328,2.97238,-0.215582,-2.22391,-176.653,
-39.9853,0,0,-39.9853,-39.9853,0,0,-39.9853,3.35175,2.82873,-0.203647,-2.22746,-176.668,
-39.9853,0,0,-39.9853,-39.9853,0,0,-39.9853,3.18232,2.67035,-0.176753,-2.2249,-176.672,
-39.9853,0,0,-39.9853,-39.9853,0,0,-39.9853,3.00921,2.51934,-0.164156,-2.25106,-176.66,
-39.9853,0,0,-39.9853,-39.9853,0,0,-39.9853,2.8582,2.39779,-0.167004,-2.24035,-176.66,
-39.9853,0,0,-39.9853,-39.9853,0,0,-39.9853,2.7035,2.26519,-0.188451,-2.20525,-176.646,
-39.9853,0,0,-39.9853,-39.9853,0,0,-39.9853,2.55617,2.1547,-0.159902,-2.1998,-176.655,
-39.9853,0,0,-39.9853,-39.9853,0,0,-39.9853,2.43094,2.03683,-0.170355,-2.18826,-176.658,
-39.9853,0,0,-39.9853,-39.9853,0,0,-39.9853,2.30203,1.92634,-0.165963,-2.17656,-176.645,
-39.9853,0,0,-39.9853,-39.9853,0,0,-39.9853,2.18785,1.83057,-0.171006,-2.1718,-176.639,
-39.9853,0,0,-39.9853,-39.9853,0,0,-39.9853,2.07366,1.73481,-0.186129,-2.20397,-176.642,
-39.9853,0,0,-39.9853,-39.9853,0,0,-39.9853,1.96685,1.64641,-0.167048,-2.18691,-176.642,
-39.9853,0,0,-39.9853,-39.9853,0,0,-39.9853,1.86372,1.55433,-0.176767,-2.1339,-176.656,
-39.9853,0,0,-39.9853,-39.9853,0,0,-39.9853,1.76796,1.48803,-0.142861,-2.1432,-176.668,
-39.9853,0,0,-39.9853,-39.9853,0,0,-39.9853,1.68692,1.41068,-0.17082,-2.1454,-176.663,
-39.9853,0,0,-39.9853,-39.9853,0,0,-39.9853,1.60221,1.3407,-0.175747,-2.12628,-176.666,
-39.9853,0,0,-39.9853,-39.9853,0,0,-39.9853,1.52486,1.2744,-0.168747,-2.12269,-176.671,
-39.9853,0,0,-39.9853,-39.9853,0,0,-39.9853,1.44751,1.21179,-0.173177,-2.13,-176.674,
-39.9853,0,0,-39.9853,-39.9853,0,0,-39.9853,1.37753,1.15285,-0.186173,-2.15318,-176.679,
-39.9853,0,0,-39.9853,-39.9853,0,0,-39.9853,1.31123,1.09761,-0.191434,-2.16523,-176.67,
-39.9853,0,0,-39.9853,-39.9853,0,0,-39.9853,1.24862,1.04236,-0.163815,-2.16228,-176.687,
-39.9853,0,0,-39.9853,-39.9853,0,0,-39.9853,1.19337,0.998158,-0.181236,-2.16782,-176.664,
-39.9853,0,0,-39.9853,-39.9853,0,0,-39.9853,1.13812,0.950276,-0.18491,-2.15513,-176.676,
-39.9853,0,0,-39.9853,-39.9853,0,0,-39.9853,1.08287,0.898711,-0.164585,-2.13817,-176.683,
-39.9853,0,0,-39.9853,-39.9853,0,0,-39.9853,1.03499,0.854512,-0.171587,-2.14473,-176.678,
-39.9853,0,0,-39.9853,-39.9853,0,0,-39.9853,0.990792,0.80663,-0.158849,-2.15487,-176.678,
-39.9853,0,0,-39.9853,-39.9853,0,0,-39.9853,0.94291,0.762431,-0.159272,-2.13568,-176.689,
-39.9853,0,0,-39.9853,-39.9853,0,0,-39.9853,0.898711,0.714549,-0.16505,-2.15684,-176.693,
-39.9853,0,0,-39.9853,-39.9853,0,0,-39.9853,0.854512,0.67035,-0.177318,-2.14866,-176.684,
-39.9853,0,0,-39.9853,-39.9853,0,0,-39.9853,0.802947,0.615101,-0.19604,-2.14827,-176.679,
-39.9853,0,0,-39.9853,-39.9853,0,0,-39.9853,0.758748,0.570902,-0.191109,-2.13422,-176.686,
-39.9853,0,0,-39.9853,-39.9853,0,0,-39.9853,0.714549,0.526704,-0.203692,-2.14124,-176.677,
-39.9853,0,0,-39.9853,-39.9853,0,0,-39.9853,0.666667,0.478821,-0.214593,-2.1987,-176.673,
-39.9853,0,0,-39.9853,-39.9853,0,0,-39.9853,0.622468,0.427256,-0.20691,-2.2072,-176.673,
-39.9853,0,0,-39.9853,-39.9853,0,0,-39.9853,0.578269,0.383057,-0.203633,-2.16549,-176.682,
-39.9853,0,0,-39.9853,-39.9853,0,0,-39.9853,0.530387,0.335175,-0.178296,-2.1039,-176.669,
-39.9853,0,0,-39.9853,-39.9853,0,0,-39.9853,0.486188,0.287293,-0.177756,-2.1084,-176.659,
-39.9853,0,0,-39.9853,-39.9853,0,0,-39.9853,0.441989,0.239411,-0.178088,-2.11398,-176.661,
-39.9853,0,0,-39.9853,-39.9853,0,0,-39.9853,0.390424,0.195212,-0.180565,-2.11812,-176.644,
-39.9853,0,0,-39.9853,-39.9853,0,0,-39.9853,0.346225,0.143646,-0.185271,-2.12201,-176.64,
-39.9853,0,0,-39.9853,-39.9853,0,0,-39.9853,0.302026,0.0994475,-0.195315,-2.16662,-176.632,
-39.9853,0,0,-39.9853,-39.9853,0,0,-39.9853,0.257827,0.0515654,-0.1906,-2.16907,-176.626,
-39.9853,0,0,-39.9853,-39.9853,0,0,-39.9853,0.209945,0.0110497,-0.193775,-2.18041,-176.624,
-39.9853,0,0,-39.9853,-39.9853,0,0,-39.9853,0.169429,0.0110497,-0.17702,-2.19891,-176.637,
-39.9853,0,0,-39.9853,-39.9853,0,0,-39.9853,0.121547,0.0110497,-0.183981,-2.20947,-176.627,
-39.9853,0,0,-39.9853,-39.9853,0,0,-39.9853,0.0736648,0.0110497,-0.186841,-2.19768,-176.625,
-39.9853,0,0,-39.9853,-39.9853,0,0,-39.9853,0.0294659,0.0110497,-0.166362,-2.21794,-176.63,
-39.9853,0,0,-39.9853,-39.9853,0,0,-39.9853,0.0110497,0.0110497,-0.167748,-2.20428,-176.619,
-39.9853,0,0,-39.9853,-39.9853,0,0,-39.9853,0.0110497,0.0110497,-0.185125,-2.20765,-176.62,
-39.9853,0,0,-39.9853,-39.9853,0,0,-39.9853,0.0110497,0.0110497,-0.184033,-2.20139,-176.621,
-39.9853,0,0,-39.9853,-39.9853,0,0,-39.9853,0.0110497,0.0110497,-0.18056,-2.19341,-176.625,
-39.9853,0,0,-39.9853,-39.9853,0,0,-39.9853,0.0110497,0.0110497,-0.193606,-2.18237,-176.618,
-39.9853,0,0,-39.9853,-39.9853,0,0,-39.9853,0.0110497,0.0110497,-0.188358,-2.18281,-176.613,
-39.9853,0,0,-39.9853,-39.9853,0,0,-39.9853,0.0110497,0.0110497,-0.19181,-2.17866,-176.612,
-39.9853,0,0,-39.9853,-39.9853,0,0,-39.9853,0.0110497,0.0110497,-0.18411,-2.16953,-176.609,
-39.9853,0,0,-39.9853,-39.9853,0,0,-39.9853,0.0110497,0.0110497,-0.187534,-2.15595,-176.607,
-39.9853,0,0,-39.9853,-39.9853,0,0,-39.9853,0.0110497,0.0110497,-0.200256,-2.14651,-176.604,
-39.9853,0,0,-39.9853,-39.9853,0,0,-39.9853,0.0110497,0.0110497,-0.193098,-2.15769,-176.611,
-39.9853,0,0,-39.9853,-39.9853,0,0,-39.9853,0.0110497,0.0110497,-0.189935,-2.16134,-176.613,
-39.9853,0,0,-39.9853,-39.9853,0,0,-39.9853,0.0110497,0.0110497,-0.18863,-2.16294,-176.614,
-39.9853,0,0,-39.9853,-39.9853,0,0,-39.9853,0.0110497,0.0110497,-0.181854,-2.18153,-176.606,
-39.9853,0,0,-39.9853,-39.9853,0,0,-39.9853,0.0110497,0.0110497,-0.184696,-2.17226,-176.611,
-39.9853,0,0,-39.9853,-39.9853,0,0,-39.9853,0.0110497,0.0110497,-0.172714,-2.17375,-176.622,
-39.9853,0,0,-39.9853,-39.9853,0,0,-39.9853,0.0110497,0.0110497,-0.169337,-2.17832,-176.634,
-39.9853,0,0,-39.9853,-39.9853,0,0,-39.9853,0.0110497,0.0110497,-0.169938,-2.17593,-176.639,
-39.9853,0,0,-39.9853,-39.9853,0,0,-39.9853,0.0110497,0.0110497,-0.172043,-2.1783,-176.633,
-39.9853,0,0,-39.9853,-39.9853,0,0,-39.9853,0.0110497,0.0110497,-0.181582,-2.18311,-176.633,
-39.9853,0,0,-39.9853,-39.9853,0,0,-39.9853,0.0110497,0.0110497,-0.183428,-2.17435,-176.633,
-39.9853,0,0,-39.9853,-39.9853,0,0,-39.9853,0.0110497,0.0110497,-0.183769,-2.17179,-176.631,
-39.9853,0,0,-39.9853,-39.9853,0,0,-39.9853,0.0110497,0.0110497,-0.174212,-2.17516,-176.642,
-39.9853,0,0,-39.9853,-39.9853,0,0,-39.9853,0.0110497,0.0110497,-0.165443,-2.16806,-176.646,
-39.9853,0,0,-39.9853,-39.9853,0,0,-39.9853,0.0110497,0.0110497,-0.1855,-2.16774,-176.645,
-39.9853,0,0,-39.9853,-39.9853,0,0,-39.9853,0.0110497,0.0110497,-0.187477,-2.16692,-176.647,
-39.9853,0,0,-39.9853,-39.9853,0,0,-39.9853,0.0110497,0.0110497,-0.202644,-2.16338,-176.642,
-39.9853,0,0,-39.9853,-39.9853,0,0,-39.9853,0.0110497,0.0110497,-0.199109,-2.18008,-176.643,
-39.9853,0,0,-39.9853,-39.9853,0,0,-39.9853,0.0110497,0.0110497,-0.18843,-2.18299,-176.647,
-39.9853,0,0,-39.9853,-39.9853,0,0,-39.9853,0.0110497,0.0110497,-0.198097,-2.18761,-176.653,
-39.9853,0,0,-39.9853,-39.9853,0,0,-39.9853,0.0110497,0.0110497,-0.190047,-2.17349,-176.658,
-39.9853,0,0,-39.9853,-39.9853,0,0,-39.9853,0.0110497,0.0110497,-0.175891,-2.17698,-176.669,
-39.9853,0,0,-39.9853,-39.9853,0,0,-39.9853,0.0110497,0.0110497,-0.164909,-2.1758,-176.677,
-39.9853,0,0,-39.9853,-39.9853,0,0,-39.9853,0.0110497,0.0110497,-0.176311,-2.16861,-176.672,
-39.9853,0,0,-39.9853,-39.9853,0,0,-39.9853,0.0110497,0.0110497,-0.183644,-2.17316,-176.659,
-39.9853,0,0,-39.9853,-39.9853,0,0,-39.9853,0.0110497,0.0110497,-0.171656,-2.1773,-176.653,
-39.9853,0,0,-39.9853,-39.9853,0,0,-39.9853,0.0110497,0.0110497,-0.190286,-2.16303,-176.648,
-39.9853,0,0,-39.9853,-39.9853,0,0,-39.9853,0.0110497,0.0110497,-0.183831,-2.15444,-176.647,
-39.9853,0,0,-39.9853,-39.9853,0,0,-39.9853,0.0110497,0.0110497,-0.184016,-2.15944,-176.637,
-39.9853,0,0,-39.9853,-39.9853,0,0,-39.9853,0.0110497,0.0110497,-0.193839,-2.17169,-176.64,
-39.9853,0,0,-39.9853,-39.9853,0,0,-39.9853,0.0110497,0.0110497,-0.184451,-2.17756,-176.643,
-39.9853,0,0,-39.9853,-39.9853,0,0,-39.9853,0.0110497,0.0110497,-0.197784,-2.17233,-176.632,
-39.9853,0,0,-39.9853,-39.9853,0,0,-39.9853,0.0110497,0.0110497,-0.179044,-2.17173,-176.634,
-39.9853,0,0,-39.9853,-39.9853,0,0,-39.9853,0.0110497,0.0110497,-0.181688,-2.16914,-176.633,
-39.9853,0,0,-39.9853,-39.9853,0,0,-39.9853,0.0110497,0.0110497,-0.189271,-2.16243,-176.631,
-39.9853,0,0,-39.9853,-39.9853,0,0,-39.9853,0.0110497,0.0110497,-0.191847,-2.17393,-176.624,
-39.9853,0,0,-39.9853,-39.9853,0,0,-39.9853,0.0110497,0.0110497,-0.181905,-2.17167,-176.621,
-39.9853,0,0,-39.9853,-39.9853,0,0,-39.9853,0.0110497,0.0110497,-0.177501,-2.16895,-176.625,
-39.9853,0,0,-39.9853,-39.9853,0,0,-39.9853,0.0110497,0.0110497,-0.1941,-2.16852,-176.617,
-39.9853,0,0,-39.9853,-39.9853,0,0,-39.9853,0.0110497,0.0110497,-0.196063,-2.16271,-176.619,
-39.9853,0,0,-39.9853,-39.9853,0,0,-39.9853,0.0110497,0.0110497,-0.192379,-2.15513,-176.62,
-39.9853,0,0,-39.9853,-39.9853,0,0,-39.9853,0.0110497,0.0110497,-0.189293,-2.1612,-176.624,
-39.9853,0,0,-39.9853,-39.9853,0,0,-39.9853,0.0110497,0.0110497,-0.186986,-2.146,-176.629,
-39.9853,0,0,-39.9853,-39.9853,0,0,-39.9853,0.0110497,0.0110497,-0.203956,-2.16144,-176.621,
-39.9853,0,0,-39.9853,-39.9853,0,0,-39.9853,0.0110497,0.0110497,-0.202748,-2.17082,-176.636,
-39.9853,0,0,-39.9853,-39.9853,0,0,-39.9853,0.0110497,0.0110497,-0.20038,-2.1671,-176.64,
-39.9853,0,0,-39.9853,-39.9853,0,0,-39.9853,0.0110497,0.0110497,-0.20919,-2.16986,-176.63,
-39.9079,0,0,-39.9227,-39.9853,0,0,-39.9853,0.0110497,0.0110497,-0.186522,-2.18123,-176.629,
-39.7753,0,0,-39.7716,-39.9079,0,0,-39.9227,0.0110497,0.0110497,-0.190718,-2.17771,-176.633,
-39.6225,0,0,-39.6335,-39.7716,0,0,-39.7845,0.0110497,0.0110497,-0.177313,-2.18252,-176.638,
-39.488,0,0,-39.5028,-39.6335,0,0,-39.628,0.0110497,0.0110497,-0.156252,-2.158,-176.642,
-39.3554,0,0,-39.3517,-39.4825,0,0,-39.4954,0.0110497,0.0110497,-0.156142,-2.18371,-176.632,
-39.2026,0,0,-39.221,-39.3481,0,0,-39.3407,0.0110497,0.0110497,-0.177047,-2.19494,-176.637,
-39.0663,0,0,-39.0866,-39.1952,0,0,-39.2007,0.0110497,0.0110497,-0.176587,-2.18442,-176.645,
-38.9319,0,0,-38.9337,-39.0626,0,0,-39.0645,0.0110497,0.0110497,-0.180076,-2.18765,-176.643,
-38.7845,0,0,-38.8029,-38.9134,0,0,-38.9245,0.0110497,0.0110497,-0.178122,-2.17953,-176.645,
-38.6519,0,0,-38.6538,-38.7808,0,0,-38.7716,0.0110497,0.0110497,-0.174829,-2.21393,-176.629,
-38.4991,0,0,-38.5157,-38.6298,0,0,-38.6317,0.0110497,0.0110497,-0.180484,-2.20568,-176.633,
-38.3646,0,0,-38.3831,-38.4972,0,0,-38.4954,0.0110497,0.0110497,-0.20612,-2.20227,-176.628,
-38.2339,0,0,-38.2339,-38.3591,0,0,-38.3536,0.0110497,0.0110497,-0.205651,-2.17512,-176.633,
-38.0829,0,0,-38.1031,-38.2063,0,0,-38.2173,0.0110497,0.0110497,-0.174876,-2.18987,-176.636,
-37.9503,0,0,-37.9705,-38.0737,0,0,-38.0608,0.0110497,0.0110497,-0.194643,-2.1934,-176.646,
-37.8029,0,0,-37.8177,-37.9374,0,0,-37.9282,0.0110497,0.0110497,-0.201475,-2.1537,-176.653,
-37.6704,0,0,-37.6869,-37.7808,0,0,-37.7772,0.0110497,0.0110497,-0.207741,-2.13125,-176.653,
-37.5212,0,0,-37.5378,-37.6427,0,0,-37.639,0.0110497,0.0110497,-0.205255,-2.13985,-176.651,
-37.3904,0,0,-37.407,-37.5083,0,0,-37.4991,0.0110497,0.0110497,-0.15798,-2.15734,-176.645,
-37.2523,0,0,-37.267,-37.3554,0,0,-37.3462,0.0110497,0.0110497,-0.173018,-2.18121,-176.638,
-37.1031,0,0,-37.116,-37.2173,0,0,-37.2063,0.0110497,0.0110497,-0.189195,-2.12866,-176.647,
-36.9705,0,0,-36.9779,-37.0829,0,0,-37.0737,0.0110497,0.0110497,-0.161769,-2.14442,-176.653,
-36.8324,0,0,-36.8471,-36.9448,0,0,-36.919,0.0110497,0.0110497,-0.201702,-2.18043,-176.639,
-36.6796,0,0,-36.709,-36.7937,0,0,-36.7845,0.0110497,0.0110497,-0.214731,-2.18154,-176.641,
-36.5433,0,0,-36.558,-36.6538,0,0,-36.6483,0.0110497,0.0110497,-0.211947,-2.17983,-176.634,
-36.4107,0,0,-36.4199,-36.5212,0,0,-36.4936,0.0110497,0.0110497,-0.194947,-2.14372,-176.64,
-36.2615,0,0,-36.2873,-36.3812,0,0,-36.361,0.0110497,0.0110497,-0.201748,-2.14173,-176.648,
-36.1289,0,0,-36.1473,-36.2265,0,0,-36.2099,0.0110497,0.0110497,-0.191301,-2.11592,-176.658,
-35.9797,0,0,-35.9982,-36.0884,0,0,-36.0774,0.0110497,0.0110497,-0.210598,-2.12001,-176.661,
-35.849,0,0,-35.8674,-35.9558,0,0,-35.9411,0.0110497,0.0110497,-0.215428,-2.18488,-176.66,
-35.6998,0,0,-35.7311,-35.8158,0,0,-35.7845,0.0110497,0.0110497,-0.214954,-2.17319,-176.668,
-35.5691,0,0,-35.5948,-35.6611,0,0,-35.6427,0.0110497,0.0110497,-0.205354,-2.17896,-176.665,
-35.4309,0,0,-35.442,-35.5212,0,0,-35.5064,0.0110497,0.0110497,-0.170288,-2.2169,-176.655,
-35.2781,0,0,-35.3057,-35.3867,0,0,-35.3665,0.0110497,0.0110497,-0.189919,-2.25842,-176.644,
-35.1381,0,0,-35.1676,-35.2376,0,0,-35.2155,0.0110497,0.0110497,-0.181943,-2.27228,-176.647,
-35.0055,0,0,-35.0295,-35.0958,0,0,-35.0774,0.0110497,0.0110497,-0.203863,-2.22734,-176.642,
-34.8564,0,0,-34.8803,-34.9632,0,0,-34.9374,0.0110497,0.0110497,-0.205353,-2.23774,-176.639,
-34.7219,0,0,-34.7495,-34.8269,0,0,-34.7993,0.0110497,0.0110497,-0.19948,-2.22387,-176.627,
-34.5875,0,0,-34.6114,-34.6722,0,0,-34.6427,0.0110497,0.0110497,-0.204158,-2.25086,-176.628,
-34.4475,0,0,-34.4604,-34.5359,0,0,-34.5101,0.0110497,0.0110497,-0.220366,-2.23468,-176.636,
-34.2965,0,0,-34.3223,-34.396,0,0,-34.3573,0.0110497,0.0110497,-0.224238,-2.18992,-176.647,
-34.1639,0,0,-34.1915,-34.2578,0,0,-34.2173,0.0110497,0.0110497,-0.21076,-2.22021,-176.648,
-34.0129,0,0,-34.0552,-34.1087,0,0,-34.0792,0.0110497,0.0110497,-0.198288,-2.20452,-176.642,
-33.8729,0,0,-33.9024,-33.9705,0,0,-33.9429,0.0110497,0.0110497,-0.203457,-2.21221,-176.643,
-33.7403,0,0,-33.7716,-33.8306,0,0,-33.7882,0.0110497,0.0110497,-0.226244,-2.21889,-176.647,
-33.5912,0,0,-33.6225,-33.6943,0,0,-33.6556,0.0110497,0.0110497,-0.215427,-2.19753,-176.654,
-33.4586,0,0,-33.4917,-33.5414,0,0,-33.5028,0.0110497,0.0110497,-0.179826,-2.24546,-176.658,
-33.3094,0,0,-33.3425,-33.4015,0,0,-33.3683,0.0110497,0.0110497,-0.195462,-2.26374,-176.642,
-33.1768,0,0,-33.2044,-33.2689,0,0,-33.2302,0.0110497,0.0110497,-0.203836,-2.27052,-176.633,
-33.0387,0,0,-33.0737,-33.1326,0,0,-33.0902,0.0110497,0.0110497,-0.213135,-2.25256,-176.631,
-32.8858,0,0,-32.9374,-32.9779,0,0,-32.9337,0.0110497,0.0110497,-0.232498,-2.23929,-176.633,
-32.7495,0,0,-32.7845,-32.8416,0,0,-32.7993,0.0110497,0.0110497,-0.251938,-2.22203,-176.637,
-32.6151,0,0,-32.6538,-32.7053,0,0,-32.6483,0.0110497,0.0110497,-0.243775,-2.21508,-176.641,
-32.4641,0,0,-32.5193,-32.5562,0,0,-32.5157,0.0110497,0.0110497,-0.233757,-2.2135,-176.661,
-32.3297,0,0,-32.3665,-32.4162,0,0,-32.3794,0.0110497,0.0110497,-0.20616,-2.1663,-176.677,
-32.1934,0,0,-32.2357,-32.2836,0,0,-32.2228,0.0110497,0.0110497,-0.204263,-2.13613,-176.65,
-32.046,0,0,-32.0976,-32.1344,0,0,-32.0829,0.0110497,0.0110497,-0.171372,-2.1134,-176.655,
-31.9134,0,0,-31.9484,-32,0,0,-31.9466,0.0110497,0.0110497,-0.180942,-2.13998,-176.651,
-31.7735,0,0,-31.814,-31.8527,0,0,-31.8103,0.0110497,0.0110497,-0.140227,-2.15812,-176.649,
-31.6225,0,0,-31.6777,-31.7109,0,0,-31.6556,0.0110497,0.0110497,-0.137824,-2.18516,-176.634,
-31.4843,0,0,-31.5267,-31.5727,0,0,-31.5193,0.0110497,0.0110497,-0.146733,-2.22079,-176.615,
-31.3481,0,0,-31.3886,-31.4365,0,0,-31.3775,0.0110497,0.0110497,-0.169761,-2.24669,-176.618,
-31.2081,0,0,-31.2541,-31.2855,0,0,-31.2265,0.0110497,0.0110497,-0.185589,-2.2353,-176.638,
-31.0553,0,0,-31.116,-31.1529,0,0,-31.0939,0.0110497,0.0110497,-0.187409,-2.17744,-176.629,
-30.919,0,0,-30.9779,-31.0166,0,0,-30.9411,0.0110497,0.0110497,-0.200887,-2.16114,-176.618,
-30.7864,0,0,-30.8435,-30.8619,0,0,-30.8085,0.0110497,0.0110497,-0.203178,-2.15156,-176.634,
-30.6483,0,0,-30.6888,-30.7256,0,0,-30.6575,0.0110497,0.0110497,-0.185458,-2.16229,-176.649,
-30.4936,0,0,-30.5506,-30.593,0,0,-30.5249,0.0110497,0.0110497,-0.17372,-2.13206,-176.654,
-30.3573,0,0,-30.4162,-30.4401,0,0,-30.3831,0.0110497,0.0110497,-0.152441,-2.1238,-176.64,
-30.2173,0,0,-30.2818,-30.3002,0,0,-30.2302,0.0110497,0.0110497,-0.150926,-2.11089,-176.631,
-30.0829,0,0,-30.1326,-30.1602,0,0,-30.0902,0.0110497,0.0110497,-0.16694,-2.11635,-176.626,
-29.9337,0,0,-30.0018,-30.0276,0,0,-29.954,0.0110497,0.0110497,-0.170128,-2.14259,-176.622,
-29.8011,0,0,-29.849,-29.8766,0,0,-29.8122,0.0110497,0.0110497,-0.177995,-2.17284,-176.615,
-29.6483,0,0,-29.7146,-29.744,0,0,-29.6593,0.0110497,0.0110497,-0.173549,-2.15218,-176.603,
-29.5138,0,0,-29.5764,-29.5948,0,0,-29.5267,0.0110497,0.0110497,-0.166088,-2.19076,-176.612,
-29.361,0,0,-29.442,-29.4586,0,0,-29.372,0.0110497,0.0110497,-0.183868,-2.20122,-176.615,
-29.2247,0,0,-29.2891,-29.3076,0,0,-29.2394,0.0110497,0.0110497,-0.16276,-2.19165,-176.606,
-29.0884,0,0,-29.1547,-29.175,0,0,-29.0847,0.0110497,0.0110497,-0.163113,-2.19696,-176.604,
-28.9521,0,0,-29.0147,-29.0239,0,0,-28.9503,0.0110497,0.0110497,-0.159409,-2.18426,-176.602,
-28.8011,0,0,-28.8785,-28.8913,0,0,-28.8103,0.0110497,0.0110497,-0.165869,-2.11462,-176.604,
-28.6611,0,0,-28.744,-28.7422,0,0,-28.674,0.0110497,0.0110497,-0.155125,-2.13907,-176.609,
-28.5267,0,0,-28.5893,-28.6096,0,0,-28.5322,0.0110497,0.0110497,-0.155282,-2.16737,-176.608,
-28.3738,0,0,-28.4567,-28.4604,0,0,-28.3683,0.0110497,0.0110497,-0.166626,-2.15578,-176.622,
-28.2376,0,0,-28.3076,-28.3241,0,0,-28.232,0.0110497,0.0110497,-0.172086,-2.1435,-176.631,
-28.105,0,0,-28.1768,-28.1878,0,0,-28.0939,0.0110497,0.0110497,-0.169118,-2.18469,-176.633,
-27.965,0,0,-28.0276,-28.0387,0,0,-27.9558,0.0110497,0.0110497,-0.17802,-2.21457,-176.627,
-27.8122,0,0,-27.8932,-27.9042,0,0,-27.8029,0.0110497,0.0110497,-0.171614,-2.21682,-176.622,
-27.6796,0,0,-27.7569,-27.7643,0,0,-27.6722,0.0110497,0.0110497,-0.181462,-2.23779,-176.617,
-27.5267,0,0,-27.6059,-27.6096,0,0,-27.5193,0.0110497,0.0110497,-0.187957,-2.23195,-176.62,
-27.3923,0,0,-27.4751,-27.4696,0,0,-27.3849,0.0110497,0.0110497,-0.171666,-2.22746,-176.617,
-27.256,0,0,-27.3389,-27.337,0,0,-27.2468,0.0110497,0.0110497,-0.201928,-2.21999,-176.619,
-27.1031,0,0,-27.2063,-27.1878,0,0,-27.0902,0.0110497,0.0110497,-0.166773,-2.21343,-176.63,
-26.9669,0,0,-27.0497,-27.0534,0,0,-26.9576,0.0110497,0.0110497,-0.176521,-2.20401,-176.632,
-26.8343,0,0,-26.9208,-26.9024,0,0,-26.8177,0.0110497,0.0110497,-0.188391,-2.21257,-176.624,
-26.6832,0,0,-26.7845,-26.7698,0,0,-26.6796,0.0110497,0.0110497,-0.154035,-2.22339,-176.627,
-26.5506,0,0,-26.6298,-26.6206,0,0,-26.523,0.0110497,0.0110497,-0.14072,-2.24813,-176.63,
-26.4015,0,0,-26.4917,-26.4807,0,0,-26.3904,0.0110497,0.0110497,-0.175215,-2.22984,-176.631,
-26.267,0,0,-26.361,-26.3481,0,0,-26.2505,0.0110497,0.0110497,-0.158131,-2.24564,-176.634,
-26.1326,0,0,-26.2118,-26.2099,0,0,-26.0958,0.0110497,0.0110497,-0.170938,-2.21675,-176.63,
-25.9797,0,0,-26.081,-26.0553,0,0,-25.954,0.0110497,0.0110497,-0.179355,-2.20323,-176.622,
-25.8471,0,0,-25.9319,-25.9171,0,0,-25.8177,0.0110497,0.0110497,-0.169053,-2.15545,-176.624,
-25.698,0,0,-25.8011,-25.7845,0,0,-25.6759,0.0110497,0.0110497,-0.160528,-2.15003,-176.646,
-25.5654,0,0,-25.6685,-25.6446,0,0,-25.5249,0.0110497,0.0110497,-0.157546,-2.16191,-176.646,
-25.4162,0,0,-25.5138,-25.4917,0,0,-25.3831,0.0110497,0.0110497,-0.157599,-2.16762,-176.647,
-25.2762,0,0,-25.3757,-25.3591,0,0,-25.2505,0.0110497,0.0110497,-0.164345,-2.13656,-176.646,
-25.1436,0,0,-25.2449,-25.2063,0,0,-25.0976,0.0110497,0.0110497,-0.169269,-2.16338,-176.635,
-24.9945,0,0,-25.1105,-25.0681,0,0,-24.9632,0.0110497,0.0110497,-0.214839,-2.12362,-176.636,
-24.8545,0,0,-24.9558,-24.9355,0,0,-24.8103,0.0110497,0.0110497,-0.19486,-2.11057,-176.641,
-24.7182,0,0,-24.825,-24.7845,0,0,-24.6777,0.0110497,0.0110497,-0.168567,-2.15413,-176.633,
-24.582,0,0,-24.6759,-24.6446,0,0,-24.5433,0.0110497,0.0110497,-0.202141,-2.19376,-176.633,
-24.4328,0,0,-24.5451,-24.512,0,0,-24.3849,0.0110497,0.0110497,-0.183173,-2.24474,-176.627,
-24.3002,0,0,-24.4125,-24.3628,0,0,-24.2523,0.0110497,0.0110497,-0.193841,-2.21854,-176.629,
-24.1492,0,0,-24.2578,-24.2302,0,0,-24.1013,0.0110497,0.0110497,-0.147083,-2.24746,-176.634,
-24.0129,0,0,-24.1197,-24.0939,0,0,-23.9632,0.0110497,0.0110497,-0.158246,-2.22697,-176.633,
-23.8785,0,0,-23.989,-23.9392,0,0,-23.8232,0.0110497,0.0110497,-0.193846,-2.21936,-176.633,
-23.7274,0,0,-23.8545,-23.7974,0,0,-23.6704,0.0110497,0.0110497,-0.192334,-2.26117,-176.63,
-23.5893,0,0,-23.7017,-23.6648,0,0,-23.5285,0.0110497,0.0110497,-0.17323,-2.24321,-176.632,
-23.4549,0,0,-23.5672,-23.5267,0,0,-23.3959,0.0110497,0.0110497,-0.14622,-2.21485,-176.624,
-23.3039,0,0,-23.4328,-23.3702,0,0,-23.2376,0.0110497,0.0110497,-0.185953,-2.2031,-176.627,
-23.1713,0,0,-23.2781,-23.2394,0,0,-23.0994,0.0110497,0.0110497,-0.195611,-2.16442,-176.627,
-23.0184,0,0,-23.14,-23.0884,0,0,-22.9632,0.0110497,0.0110497,-0.193967,-2.16116,-176.625,
-22.884,0,0,-23.0055,-22.9558,0,0,-22.8269,0.0110497,0.0110497,-0.18401,-2.18188,-176.631,
-22.7477,0,0,-22.8692,-22.8195,0,0,-22.6704,0.0110497,0.0110497,-0.127723,-2.20248,-176.635,
-22.6114,0,0,-22.7219,-22.6648,0,0,-22.5378,0.0110497,0.0110497,-0.147763,-2.19801,-176.631,
-22.4567,0,0,-22.5912,-22.5267,0,0,-22.3812,0.0110497,0.0110497,-0.164767,-2.21926,-176.623,
-22.3168,0,0,-22.442,-22.3941,0,0,-22.2413,0.0110497,0.0110497,-0.175903,-2.22737,-176.624,
-22.1842,0,0,-22.3076,-22.2541,0,0,-22.1087,0.0110497,0.0110497,-0.150049,-2.18656,-176.626,
-22.035,0,0,-22.1713,-22.0994,0,0,-21.9576,0.0110497,0.0110497,-0.168911,-2.16116,-176.63,
-21.9024,0,0,-22.0221,-21.9632,0,0,-21.8195,0.0110497,0.0110497,-0.159315,-2.15624,-176.624,
-21.7661,0,0,-21.8913,-21.8287,0,0,-21.6796,0.0110497,0.0110497,-0.179304,-2.12966,-176.625,
-21.6133,0,0,-21.7569,-21.6759,0,0,-21.5267,0.0110497,0.0110497,-0.188607,-2.12798,-176.623,
-21.4788,0,0,-21.6022,-21.5378,0,0,-21.3941,0.0110497,0.0110497,-0.197025,-2.10432,-176.629,
-21.3297,0,0,-21.4696,-21.4052,0,0,-21.2413,0.0110497,0.0110497,-0.175377,-2.14357,-176.63,
-21.1915,0,0,-21.3352,-21.2541,0,0,-21.1013,0.0110497,0.0110497,-0.216618,-2.14989,-176.61,
-21.0589,0,0,-21.1823,-21.1142,0,0,-20.9632,0.0110497,0.0110497,-0.21301,-2.18794,-176.61,
-20.9079,0,0,-21.0516,-20.9797,0,0,-20.825,0.0110497,0.0110497,-0.208448,-2.19685,-176.613,
-20.7753,0,0,-20.8987,-20.8269,0,0,-20.6667,0.0110497,0.0110497,-0.176128,-2.16214,-176.609,
-20.6372,0,0,-20.7698,-20.6906,0,0,-20.5249,0.0110497,0.0110497,-0.139962,-2.17692,-176.617,
-20.4862,0,0,-20.6372,-20.5562,0,0,-20.3849,0.0110497,0.0110497,-0.133264,-2.21312,-176.608,
-20.3518,0,0,-20.4825,-20.4033,0,0,-20.2486,0.0110497,0.0110497,-0.158349,-2.17064,-176.606,
-20.2007,0,0,-20.3444,-20.267,0,0,-20.1087,0.0110497,0.0110497,-0.165993,-2.16566,-176.614,
-20.0663,0,0,-20.2099,-20.1344,0,0,-19.9705,0.0110497,0.0110497,-0.153473,-2.14513,-176.619,
-19.9282,0,0,-20.0718,-19.9945,0,0,-19.814,0.0110497,0.0110497,-0.143387,-2.14653,-176.625,
-19.779,0,0,-19.9319,-19.8398,0,0,-19.6814,0.0110497,0.0110497,-0.127925,-2.16676,-176.613,
-19.6446,0,0,-19.7845,-19.7017,0,0,-19.5249,0.0110497,0.0110497,-0.148626,-2.15341,-176.614,
-19.5101,0,0,-19.6538,-19.5691,0,0,-19.3831,0.0110497,0.0110497,-0.13973,-2.17413,-176.609,
-19.3702,0,0,-19.5157,-19.4291,0,0,-19.2449,0.0110497,0.0110497,-0.155383,-2.17632,-176.605,
-19.2173,0,0,-19.3812,-19.2762,0,0,-19.1087,0.0110497,0.0110497,-0.157332,-2.14687,-176.607,
-19.081,0,0,-19.2265,-19.1381,0,0,-18.9705,0.0110497,0.0110497,-0.171253,-2.17767,-176.61,
-18.9448,0,0,-19.0884,-18.9982,0,0,-18.8177,0.0110497,0.0110497,-0.156308,-2.20408,-176.622,
-18.7956,0,0,-18.954,-18.8619,0,0,-18.6851,0.0110497,0.0110497,-0.193873,-2.21297,-176.605,
-18.663,0,0,-18.8177,-18.7256,0,0,-18.547,0.0110497,0.0110497,-0.205937,-2.2137,-176.606,
-18.5157,0,0,-18.6832,-18.5746,0,0,-18.3904,0.0110497,0.0110497,-0.187922,-2.20805,-176.613,
-18.3831,0,0,-18.5285,-18.4365,0,0,-18.2486,0.0110497,0.0110497,-0.182726,-2.23904,-176.615,
-18.232,0,0,-18.3904,-18.3002,0,0,-18.116,0.0110497,0.0110497,-0.177953,-2.25147,-176.616,
-18.0976,0,0,-18.256,-18.1621,0,0,-17.9632,0.0110497,0.0110497,-0.198345,-2.21931,-176.615,
-17.9576,0,0,-18.1215,-18.0074,0,0,-17.8269,0.0110497,0.0110497,-0.212083,-2.18165,-176.625,
-17.8214,0,0,-17.9669,-17.8729,0,0,-17.6869,0.0110497,0.0110497,-0.207497,-2.14298,-176.628,
-17.6667,0,0,-17.8324,-17.7238,0,0,-17.5322,0.0110497,0.0110497,-0.195519,-2.12929,-176.627,
-17.5341,0,0,-17.7017,-17.5838,0,0,-17.3941,0.0110497,0.0110497,-0.196233,-2.12863,-176.629,
-17.3831,0,0,-17.547,-17.4438,0,0,-17.2541,0.0110497,0.0110497,-0.186851,-2.18004,-176.631,
-17.2486,0,0,-17.4162,-17.3039,0,0,-17.0994,0.0110497,0.0110497,-0.222718,-2.17275,-176.632,
-17.1123,0,0,-17.267,-17.1547,0,0,-16.965,0.0110497,0.0110497,-0.219618,-2.15366,-176.629,
-16.9742,0,0,-17.1363,-17.0221,0,0,-16.8269,0.0110497,0.0110497,-0.187573,-2.15444,-176.626,
-16.8232,0,0,-17.0018,-16.8729,0,0,-16.6869,0.0110497,0.0110497,-0.198759,-2.13077,-176.626,
-16.6851,0,0,-16.8471,-16.7385,0,0,-16.5304,0.0110497,0.0110497,-0.17256,-2.12597,-176.631,
-16.5506,0,0,-16.709,-16.6041,0,0,-16.3978,0.0110497,0.0110497,-0.175246,-2.14306,-176.629,
-16.4015,0,0,-16.5783,-16.4512,0,0,-16.2449,0.0110497,0.0110497,-0.198875,-2.15834,-176.622,
-16.2634,0,0,-16.4438,-16.3112,0,0,-16.1123,0.0110497,0.0110497,-0.226603,-2.1791,-176.63,
-16.1308,0,0,-16.2891,-16.1786,0,0,-15.9613,0.0110497,0.0110497,-0.213415,-2.19465,-176.64,
-15.9797,0,0,-16.1565,-16.0295,0,0,-15.8269,0.0110497,0.0110497,-0.232238,-2.16025,-176.645,
-15.8416,0,0,-16.0239,-15.8969,0,0,-15.6906,0.0110497,0.0110497,-0.203843,-2.14563,-176.648,
-15.709,0,0,-15.8692,-15.7459,0,0,-15.5285,0.0110497,0.0110497,-0.199043,-2.15166,-176.659,
-15.5562,0,0,-15.7311,-15.6059,0,0,-15.3904,0.0110497,0.0110497,-0.220652,-2.19682,-176.655,
-15.4217,0,0,-15.6004,-15.4733,0,0,-15.2578,0.0110497,0.0110497,-0.249518,-2.21908,-176.654,
-15.2873,0,0,-15.4494,-15.3223,0,0,-15.1197,0.0110497,0.0110497,-0.23157,-2.21768,-176.657,
-15.1381,0,0,-15.3112,-15.186,0,0,-14.9613,0.0110497,0.0110497,-0.215495,-2.22657,-176.658,
-15.0055,0,0,-15.1805,-15.0516,0,0,-14.8287,0.0110497,0.0110497,-0.195786,-2.22189,-176.663,
-14.8582,0,0,-15.046,-14.9006,0,0,-14.6759,0.0110497,0.0110497,-0.217765,-2.22506,-176.653,
-14.7256,0,0,-14.8913,-14.7624,0,0,-14.5433,0.0110497,0.0110497,-0.189254,-2.22149,-176.655,
-14.5875,0,0,-14.7514,-14.6243,0,0,-14.3904,0.0110497,0.0110497,-0.190434,-2.20388,-176.641,
-14.4328,0,0,-14.6206,-14.4899,0,0,-14.2541,0.0110497,0.0110497,-0.183706,-2.20727,-176.638,
-14.2965,0,0,-14.4715,-14.3499,0,0,-14.1123,0.0110497,0.0110497,-0.189616,-2.18595,-176.634,
-14.1639,0,0,-14.3407,-14.1971,0,0,-13.9613,0.0110497,0.0110497,-0.155274,-2.12926,-176.654,
-14.0111,0,0,-14.2063,-14.0645,0,0,-13.8214,0.0110497,0.0110497,-0.193239,-2.12825,-176.65,
-13.8748,0,0,-14.0516,-13.9171,0,0,-13.6832,0.0110497,0.0110497,-0.173142,-2.15271,-176.631,
-13.744,0,0,-13.9116,-13.7808,0,0,-13.5451,0.0110497,0.0110497,-0.205263,-2.17335,-176.632,
-13.6041,0,0,-13.7808,-13.6464,0,0,-13.3923,0.0110497,0.0110497,-0.21322,-2.176,-176.639,
-13.453,0,0,-13.6464,-13.4917,0,0,-13.2597,0.0110497,0.0110497,-0.247783,-2.13098,-176.636,
-13.3149,0,0,-13.4917,-13.3518,0,0,-13.1068,0.0110497,0.0110497,-0.241425,-2.15048,-176.647,
-13.1786,0,0,-13.3536,-13.2192,0,0,-12.9705,0.0110497,0.0110497,-0.227068,-2.12303,-176.658,
-13.0295,0,0,-13.2192,-13.07,0,0,-12.8306,0.0110497,0.0110497,-0.194438,-2.12326,-176.654,
-12.8969,0,0,-13.0829,-12.9282,0,0,-12.6777,0.0110497,0.0110497,-0.221216,-2.0963,-176.668,
-12.7606,0,0,-12.9337,-12.7956,0,0,-12.5433,0.0110497,0.0110497,-0.199807,-2.10377,-176.679,
-12.6077,0,0,-12.8029,-12.6575,0,0,-12.4088,0.0110497,0.0110497,-0.178919,-2.1018,-176.666,
-12.4715,0,0,-12.6648,-12.5028,0,0,-12.2505,0.0110497,0.0110497,-0.162169,-2.11692,-176.662,
-12.337,0,0,-12.512,-12.3665,0,0,-12.1087,0.0110497,0.0110497,-0.150887,-2.14444,-176.666,
-12.1989,0,0,-12.3812,-12.2302,0,0,-11.9724,0.0110497,0.0110497,-0.148384,-2.14446,-176.658,
-12.046,0,0,-12.2449,-12.0921,0,0,-11.8306,0.0110497,0.0110497,-0.168741,-2.17325,-176.656,
-11.9134,0,0,-12.1087,-11.9392,0,0,-11.6906,0.0110497,0.0110497,-0.158318,-2.17966,-176.662,
-11.779,0,0,-11.9558,-11.8066,0,0,-11.5525,0.0110497,0.0110497,-0.177579,-2.18577,-176.652,
-11.6262,0,0,-11.825,-11.6667,0,0,-11.3959,0.0110497,0.0110497,-0.191261,-2.13075,-176.643,
-11.4954,0,0,-11.674,-11.5138,0,0,-11.2578,0.0110497,0.0110497,-0.184342,-2.11794,-176.635,
-11.3554,0,0,-11.5359,-11.3794,0,0,-11.1179,0.0110497,0.0110497,-0.178202,-2.1393,-176.635,
-11.2044,0,0,-11.4052,-11.2431,0,0,-10.9669,0.0110497,0.0110497,-0.183265,-2.10793,-176.635,
-11.0718,0,0,-11.256,-11.0884,0,0,-10.825,0.0110497,0.0110497,-0.131171,-2.08735,-176.631,
-10.919,0,0,-11.1252,-10.9558,0,0,-10.6924,0.0110497,0.0110497,-0.162242,-2.09909,-176.624,
-10.7845,0,0,-10.9908,-10.8066,0,0,-10.5396,0.0110497,0.0110497,-0.174659,-2.11201,-176.614,
-10.6483,0,0,-10.8361,-10.674,0,0,-10.407,0.0110497,0.0110497,-0.176291,-2.10135,-176.629,
-10.5083,0,0,-10.7053,-10.5249,0,0,-10.2689,0.0110497,0.0110497,-0.182785,-2.09394,-176.624,
-10.3591,0,0,-10.5691,-10.3904,0,0,-10.1105,0.0110497,0.0110497,-0.18142,-2.13442,-176.621,
-10.2284,0,0,-10.4162,-10.2523,0,0,-9.96869,0.0110497,0.0110497,-0.173045,-2.13795,-176.62,
-10.0792,0,0,-10.2855,-10.0976,0,0,-9.83057,0.0110497,0.0110497,-0.133536,-2.11741,-176.62,
-9.94107,0,0,-10.1344,-9.95948,0,0,-9.69245,0.0110497,0.0110497,-0.161521,-2.14242,-176.621,
-9.80663,0,0,-9.99632,-9.82689,0,0,-9.53959,0.0110497,0.0110497,-0.156251,-2.10121,-176.609,
-9.65746,0,0,-9.86188,-9.68692,0,0,-9.40332,0.0110497,0.0110497,-0.185513,-2.14953,-176.604,
-9.51934,0,0,-9.71271,-9.53407,0,0,-9.26151,0.0110497,0.0110497,-0.181615,-2.14256,-176.608,
-9.38306,0,0,-9.57459,-9.39963,0,0,-9.10681,0.0110497,0.0110497,-0.206492,-2.13605,-176.609,
-9.23389,0,0,-9.44383,-9.24862,0,0,-8.97422,0.0110497,0.0110497,-0.198513,-2.12178,-176.608,
-9.10129,0,0,-9.30755,-9.10866,0,0,-8.8232,0.0110497,0.0110497,-0.183508,-2.12303,-176.609,
-8.95212,0,0,-9.15285,-8.97238,0,0,-8.68877,0.0110497,0.0110497,-0.167605,-2.09622,-176.606,
-8.81952,0,0,-9.01842,-8.8232,0,0,-8.53407,0.0110497,0.0110497,-0.18832,-2.09268,-176.612,
-8.67035,0,0,-8.88214,-8.69061,0,0,-8.39779,0.0110497,0.0110497,-0.167108,-2.13109,-176.607,
-8.53775,0,0,-8.74586,-8.53775,0,0,-8.25599,0.0110497,0.0110497,-0.199485,-2.15838,-176.601,
-8.38674,0,0,-8.59116,-8.39779,0,0,-8.11786,0.0110497,0.0110497,-0.20251,-2.17545,-176.606,
-8.2523,0,0,-8.45304,-8.26519,0,0,-7.96317,0.0110497,0.0110497,-0.224243,-2.17233,-176.605,
-8.11786,0,0,-8.32228,-8.12891,0,0,-7.82136,0.0110497,0.0110497,-0.199738,-2.16731,-176.602,
-7.96501,0,0,-8.186,-7.97606,0,0,-7.68508,0.0110497,0.0110497,-0.204522,-2.16076,-176.599,
-7.83057,0,0,-8.03131,-7.84162,0,0,-7.54328,0.0110497,0.0110497,-0.1848,-2.11705,-176.595,
-7.69613,0,0,-7.89319,-7.7035,0,0,-7.40884,0.0110497,0.0110497,-0.192184,-2.13378,-176.61,
-7.54328,0,0,-7.76243,-7.55064,0,0,-7.25046,0.0110497,0.0110497,-0.200054,-2.14728,-176.611,
-7.40884,0,0,-7.61326,-7.40884,0,0,-7.11418,0.0110497,0.0110497,-0.191873,-2.1374,-176.615,
-7.2744,0,0,-7.47698,-7.27624,0,0,-6.97238,0.0110497,0.0110497,-0.179351,-2.12058,-176.623,
-7.13628,0,0,-7.33886,-7.12523,0,0,-6.81952,0.0110497,0.0110497,-0.179453,-2.12364,-176.614,
-6.98343,0,0,-7.20258,-6.98895,0,0,-6.68692,0.0110497,0.0110497,-0.159315,-2.07504,-176.618,
-6.8453,0,0,-7.0663,-6.85451,0,0,-6.53407,0.0110497,0.0110497,-0.153097,-2.08104,-176.617,
-6.71087,0,0,-6.91344,-6.70166,0,0,-6.40147,0.0110497,0.0110497,-0.161371,-2.12587,-176.617,
-6.56169,0,0,-6.78269,-6.56538,0,0,-6.26151,0.0110497,0.0110497,-0.171254,-2.06646,-176.616,
-6.43094,0,0,-6.62983,-6.4291,0,0,-6.10497,0.0110497,0.0110497,-0.155253,-2.06276,-176.613,
-6.29282,0,0,-6.4954,-6.28913,0,0,-5.96869,0.0110497,0.0110497,-0.148884,-2.01357,-176.606,
-6.13996,0,0,-6.35912,-6.13444,0,0,-5.82873,0.0110497,0.0110497,-0.169976,-2.08392,-176.595,
-6.00184,0,0,-6.20995,-5.99448,0,0,-5.68508,0.0110497,0.0110497,-0.185861,-2.1086,-176.597,
-5.8674,0,0,-6.07551,-5.86188,0,0,-5.53223,0.0110497,0.0110497,-0.160386,-2.10695,-176.604,
-5.71639,0,0,-5.93554,-5.71087,0,0,-5.39963,0.0110497,0.0110497,-0.157335,-2.07676,-176.608,
-5.58379,0,0,-5.78637,-5.57643,0,0,-5.25967,0.0110497,0.0110497,-0.149887,-2.08135,-176.602,
-5.43462,0,0,-5.64825,-5.42541,0,0,-5.10497,0.0110497,0.0110497,-0.15357,-2.0863,-176.602,
-5.29834,0,0,-5.51381,-5.28729,0,0,-4.96317,0.0110497,0.0110497,-0.17778,-2.12699,-176.592,
-5.16206,0,0,-5.37385,-5.15101,0,0,-4.83057,0.0110497,0.0110497,-0.174158,-2.11162,-176.598,
-5.01473,0,0,-5.23757,-5,0,0,-4.68324,0.0110497,0.0110497,-0.182562,-2.11849,-176.584,
-4.88214,0,0,-5.0884,-4.86556,0,0,-4.55617,0.0110497,0.0110497,-0.186089,-2.09301,-176.593,
-4.73849,0,0,-4.95764,-4.73297,0,0,-4.43462,0.0110497,0.0110497,-0.182658,-2.08888,-176.601,
-4.60958,0,0,-4.80847,-4.58932,0,0,-4.30387,0.0110497,0.0110497,-0.156903,-2.06991,-176.6,
-4.4733,0,0,-4.68324,-4.46593,0,0,-4.18416,0.0110497,0.0110497,-0.13149,-2.07439,-176.597,
-4.35359,0,0,-4.54328,-4.34438,0,0,-4.07551,0.0110497,0.0110497,-0.118864,-2.04962,-176.596,
-4.23573,0,0,-4.41989,-4.22652,0,0,-3.96317,0.0110497,0.0110497,-0.173141,-2.03657,-176.58,
-4.1105,0,0,-4.30387,-4.09945,0,0,-3.8453,0.0110497,0.0110497,-0.177088,-2.00695,-176.572,
-3.99632,0,0,-4.17495,-3.99079,0,0,-3.7477,0.0110497,0.0110497,-0.188403,-2.01182,-176.578,
-3.89319,0,0,-4.0663,-3.88214,0,0,-3.63352,0.0110497,0.0110497,-0.201325,-2.00385,-176.575,
-3.78085,0,0,-3.94659,-3.76427,0,0,-3.5396,0.0110497,0.0110497,-0.202191,-2.01055,-176.582,
-3.6814,0,0,-3.8453,-3.66298,0,0,-3.44015,0.0110497,0.0110497,-0.186476,-2.01092,-176.582,
-3.57459,0,0,-3.74401,-3.56538,0,0,-3.34991,0.0110497,0.0110497,-0.168389,-2.02176,-176.574,
-3.47882,0,0,-3.63168,-3.46041,0,0,-3.26335,0.0110497,0.0110497,-0.173415,-2.00886,-176.568,
-3.38858,0,0,-3.53775,-3.37201,0,0,-3.16575,0.0110497,0.0110497,-0.14936,-1.97729,-176.569,
-3.2965,0,0,-3.43462,-3.27256,0,0,-3.08471,0.0110497,0.0110497,-0.17529,-1.97418,-176.564,
-3.20074,0,0,-3.34807,-3.18416,0,0,-3.01289,0.0110497,0.0110497,-0.216263,-1.89682,-176.56,
-3.11602,0,0,-3.25783,-3.10313,0,0,-2.92449,0.0110497,0.0110497,-0.191032,-1.87642,-176.557,
-3.03499,0,0,-3.17127,-3.01473,0,0,-2.85083,0.0110497,0.0110497,-0.198095,-1.92777,-176.561,
-2.95396,0,0,-3.07919,-2.9337,0,0,-2.77348,0.0110497,0.0110497,-0.177905,-1.9517,-176.559,
-2.86925,0,0,-3.00184,-2.85451,0,0,-2.69429,0.0110497,0.0110497,-0.192738,-1.93669,-176.547,
-2.79374,0,0,-2.91713,-2.78085,0,0,-2.62615,0.0110497,0.0110497,-0.220729,-1.94133,-176.549,
-2.72192,0,0,-2.83978,-2.70902,0,0,-2.55249,0.0110497,0.0110497,-0.192259,-1.93646,-176.536,
-2.64457,0,0,-2.76796,-2.62983,0,0,-2.48803,0.0110497,0.0110497,-0.191791,-1.93777,-176.537,
-2.57643,0,0,-2.69797,-2.56354,0,0,-2.41805,0.0110497,0.0110497,-0.17596,-1.91626,-176.53,
-2.51381,0,0,-2.61878,-2.50092,0,0,-2.35543,0.0110497,0.0110497,-0.187974,-1.91062,-176.526,
-2.44383,0,0,-2.55433,-2.42726,0,0,-2.30018,0.0110497,0.0110497,-0.199921,-1.90378,-176.5,
-2.38122,0,0,-2.4825,-2.36464,0,0,-2.24309,0.0110497,0.0110497,-0.204678,-1.92388,-176.498,
-2.31492,0,0,-2.42173,-2.30387,0,0,-2.18785,0.0110497,0.0110497,-0.193969,-1.90561,-176.485,
-2.25414,0,0,-2.35912,-2.24678,0,0,-2.12523,0.0110497,0.0110497,-0.186843,-1.88809,-176.481,
-2.20074,0,0,-2.30018,-2.18416,0,0,-2.07182,0.0110497,0.0110497,-0.194254,-1.90039,-176.473,
-2.13996,0,0,-2.23389,-2.1326,0,0,-2.02026,0.0110497,0.0110497,-0.193129,-1.8789,-176.471,
-2.0884,0,0,-2.18048,-2.07366,0,0,-1.97422,0.0110497,0.0110497,-0.204271,-1.87972,-176.471,
-2.03499,0,0,-2.12523,-2.02394,0,0,-1.91713,0.0110497,0.0110497,-0.214852,-1.87938,-176.474,
-1.9779,0,0,-2.07182,-1.97422,0,0,-1.87109,0.0110497,0.0110497,-0.229511,-1.85737,-176.481,
-1.93002,0,0,-2.01473,-1.91897,0,0,-1.82505,0.0110497,0.0110497,-0.208546,-1.87369,-176.48,
-1.88398,0,0,-1.96501,-1.87293,0,0,-1.77901,0.0110497,0.0110497,-0.233065,-1.87319,-176.48,
-1.83241,0,0,-1.91529,-1.82689,0,0,-1.73481,0.0110497,0.0110497,-0.268839,-1.9143,-176.501,
-1.79006,0,0,-1.8674,-1.77901,0,0,-1.69429,0.0110497,0.0110497,-0.309202,-1.92141,-176.501,
-1.74217,0,0,-1.81584,-1.73849,0,0,-1.65378,0.0110497,0.0110497,-0.240527,-1.88799,-176.51,
-1.70166,0,0,-1.77348,-1.69245,0,0,-1.61326,0.0110497,0.0110497,-0.240188,-1.84013,-176.523,
-1.66114,0,0,-1.73112,-1.65193,0,0,-1.57459,0.0110497,0.0110497,-0.238934,-1.8491,-176.518,
-1.6151,0,0,-1.68877,-1.61326,0,0,-1.53591,0.0110497,0.0110497,-0.242029,-1.85412,-176.519,
-1.57643,0,0,-1.64825,-1.57643,0,0,-1.50092,0.0110497,0.0110497,-0.253268,-1.86583,-176.501,
-1.53959,0,0,-1.60405,-1.53407,0,0,-1.46593,0.0110497,0.0110497,-0.255481,-1.85049,-176.5,
-1.50276,0,0,-1.56538,-1.49724,0,0,-1.43278,0.0110497,0.0110497,-0.256506,-1.84961,-176.496,
-1.46593,0,0,-1.53039,-1.46409,0,0,-1.39963,0.0110497,0.0110497,-0.270586,-1.85579,-176.502,
-1.43094,0,0,-1.48987,-1.42726,0,0,-1.36832,0.0110497,0.0110497,-0.26193,-1.85169,-176.509,
-1.39595,0,0,-1.45488,-1.39411,0,0,-1.33149,0.0110497,0.0110497,-0.274973,-1.8635,-176.5,
-1.3628,0,0,-1.41805,-1.35912,0,0,-1.30387,0.0110497,0.0110497,-0.268371,-1.87521,-176.507,
-1.33333,0,0,-1.38674,-1.32965,0,0,-1.27072,0.0110497,0.0110497,-0.262139,-1.87926,-176.514,
-1.29834,0,0,-1.35359,-1.30018,0,0,-1.24678,0.0110497,0.0110497,-0.265052,-1.87877,-176.505,
-1.27072,0,0,-1.32228,-1.26888,0,0,-1.21915,0.0110497,0.0110497,-0.254533,-1.86701,-176.499,
-1.24125,0,0,-1.28913,-1.24309,0,0,-1.18969,0.0110497,0.0110497,-0.251042,-1.87139,-176.509,
-1.21179,0,0,-1.26151,-1.21363,0,0,-1.1639,0.0110497,0.0110497,-0.248505,-1.85717,-176.501,
-1.186,0,0,-1.23204,-1.18785,0,0,-1.13628,0.0110497,0.0110497,-0.24929,-1.858,-176.509,
-1.15654,0,0,-1.20626,-1.16022,0,0,-1.11234,0.0110497,0.0110497,-0.271147,-1.86237,-176.503,
-1.13076,0,0,-1.17495,-1.13628,0,0,-1.08656,0.0110497,0.0110497,-0.281566,-1.89332,-176.511,
-1.10681,0,0,-1.15101,-1.1105,0,0,-1.06446,0.0110497,0.0110497,-0.268822,-1.92173,-176.524,
-1.08103,0,0,-1.12339,-1.0884,0,0,-1.03867,0.0110497,0.0110497,-0.269874,-1.90323,-176.518,
-1.05893,0,0,-1.10129,-1.06446,0,0,-1.01842,0.0110497,0.0110497,-0.276775,-1.92025,-176.513,
-1.03499,0,0,-1.07735,-1.04052,0,0,-0.994475,0.0110497,0.0110497,-0.261351,-1.92726,-176.52,
-1.01289,0,0,-1.05157,-1.02026,0,0,-0.974217,0.0110497,0.0110497,-0.271941,-1.90436,-176.518,
-0.992634,0,0,-1.03131,-1,0,0,-0.95396,0.0110497,0.0110497,-0.269774,-1.9068,-176.525,
-0.968692,0,0,-1.00921,-0.977901,0,0,-0.930018,0.0110497,0.0110497,-0.280319,-1.90575,-176.527,
-0.948435,0,0,-0.985267,-0.957643,0,0,-0.909761,0.0110497,0.0110497,-0.277766,-1.89376,-176.527,
-0.926335,0,0,-0.965009,-0.937385,0,0,-0.889503,0.0110497,0.0110497,-0.276536,-1.88211,-176.527,
-0.904236,0,0,-0.944751,-0.915286,0,0,-0.865562,0.0110497,0.0110497,-0.276412,-1.87197,-176.535,
-0.882136,0,0,-0.92081,-0.895028,0,0,-0.843462,0.0110497,0.0110497,-0.295066,-1.88013,-176.535,
-0.861879,0,0,-0.900553,-0.87477,0,0,-0.825046,0.0110497,0.0110497,-0.279837,-1.8896,-176.547,
-0.837937,0,0,-0.878453,-0.854512,0,0,-0.801105,0.0110497,0.0110497,-0.291346,-1.89227,-176.548,
-0.81768,0,0,-0.858195,-0.834254,0,0,-0.780847,0.0110497,0.0110497,-0.278449,-1.88123,-176.549,
-0.797422,0,0,-0.837937,-0.815838,0,0,-0.760589,0.0110497,0.0110497,-0.286528,-1.87742,-176.546,
-0.775322,0,0,-0.813996,-0.79558,0,0,-0.736648,0.0110497,0.0110497,-0.291476,-1.87598,-176.543,
-0.755064,0,0,-0.793739,-0.775322,0,0,-0.71639,0.0110497,0.0110497,-0.293327,-1.86657,-176.551,
-0.731123,0,0,-0.773481,-0.755064,0,0,-0.692449,0.0110497,0.0110497,-0.294989,-1.86964,-176.557,
-0.710866,0,0,-0.753223,-0.734807,0,0,-0.674033,0.0110497,0.0110497,-0.296388,-1.85694,-176.55,
-0.688766,0,0,-0.729282,-0.714549,0,0,-0.651934,0.0110497,0.0110497,-0.295333,-1.86643,-176.552,
-0.668508,0,0,-0.709024,-0.694291,0,0,-0.629834,0.0110497,0.0110497,-0.295844,-1.85039,-176.557,
-0.644567,0,0,-0.688766,-0.674033,0,0,-0.609576,0.0110497,0.0110497,-0.308414,-1.85924,-176.556,
-0.624309,0,0,-0.664825,-0.653775,0,0,-0.585635,0.0110497,0.0110497,-0.288287,-1.84812,-176.56,
-0.60221,0,0,-0.644567,-0.633518,0,0,-0.569061,0.0110497,0.0110497,-0.29596,-1.83936,-176.563,
-0.581952,0,0,-0.624309,-0.611418,0,0,-0.54512,0.0110497,0.0110497,-0.290878,-1.8475,-176.569,
-0.558011,0,0,-0.60221,-0.59116,0,0,-0.526704,0.0110497,0.0110497,-0.287281,-1.8631,-176.573,
-0.535912,0,0,-0.581952,-0.570902,0,0,-0.502762,0.0110497,0.0110497,-0.302542,-1.87113,-176.569,
-0.517495,0,0,-0.561694,-0.550645,0,0,-0.482505,0.0110497,0.0110497,-0.318725,-1.88091,-176.562,
-0.493554,0,0,-0.537753,-0.528545,0,0,-0.460405,0.0110497,0.0110497,-0.339895,-1.87203,-176.554,
-0.473296,0,0,-0.517495,-0.510129,0,0,-0.440147,0.0110497,0.0110497,-0.317042,-1.87369,-176.551,
-0.451197,0,0,-0.495396,-0.489871,0,0,-0.41989,0.0110497,0.0110497,-0.321521,-1.86287,-176.553,
-0.430939,0,0,-0.475138,-0.46593,0,0,-0.399632,0.0110497,0.0110497,-0.31991,-1.86009,-176.546,
-0.40884,0,0,-0.45488,-0.445672,0,0,-0.377532,0.0110497,0.0110497,-0.313786,-1.85131,-176.541,
-0.388582,0,0,-0.434622,-0.427256,0,0,-0.357274,0.0110497,0.0110497,-0.333726,-1.85567,-176.537,
-0.364641,0,0,-0.410681,-0.405157,0,0,-0.333333,0.0110497,0.0110497,-0.320697,-1.84943,-176.541,
-0.344383,0,0,-0.390424,-0.384899,0,0,-0.313076,0.0110497,0.0110497,-0.311092,-1.85623,-176.547,
-0.324125,0,0,-0.368324,-0.364641,0,0,-0.290976,0.0110497,0.0110497,-0.294943,-1.83798,-176.55,
-0.302026,0,0,-0.348066,-0.3407,0,0,-0.270718,0.0110497,0.0110497,-0.303498,-1.85492,-176.545,
-0.279926,0,0,-0.327808,-0.320442,0,0,-0.25046,0.0110497,0.0110497,-0.304558,-1.87144,-176.539,
-0.259669,0,0,-0.305709,-0.300184,0,0,-0.226519,0.0110497,0.0110497,-0.299482,-1.86359,-176.536,
-0.237569,0,0,-0.28361,-0.278085,0,0,-0.206262,0.0110497,0.0110497,-0.296112,-1.84706,-176.534,
-0.21547,0,0,-0.263352,-0.255985,0,0,-0.184162,0.0110497,0.0110497,-0.296521,-1.84672,-176.538,
-0.195212,0,0,-0.243094,-0.235727,0,0,-0.162063,0.0110497,0.0110497,-0.295619,-1.84403,-176.542,
-0.173112,0,0,-0.220994,-0.217311,0,0,-0.141805,0.0110497,0.0110497,-0.296476,-1.84981,-176.544,
-0.151013,0,0,-0.200737,-0.195212,0,0,-0.119705,0.0110497,0.0110497,-0.275658,-1.85647,-176.55,
-0.130755,0,0,-0.178637,-0.174954,0,0,-0.0994475,0.0110497,0.0110497,-0.271721,-1.84258,-176.553,
-0.108656,0,0,-0.158379,-0.154696,0,0,-0.0755064,0.0110497,0.0110497,-0.277757,-1.84329,-176.561,
-0.0865562,0,0,-0.138122,-0.134438,0,0,-0.0552486,0.0110497,0.0110497,-0.279443,-1.83985,-176.546,
-0.0662983,0,0,-0.11418,-0.112339,0,0,-0.0331492,0.0110497,0.0110497,-0.290892,-1.86314,-176.539,
-0.0441989,0,0,-0.0939227,-0.0939227,0,0,-0.014733,0.0110497,0.0110497,-0.295521,-1.86831,-176.541,
-0.0239411,0,0,-0.0718232,-0.0699816,0,0,-0.014733,0.0110497,0.0110497,-0.296032,-1.86044,-176.542,
-0.0165746,0,0,-0.0515654,-0.0497238,0,0,-0.014733,0.0110497,0.0110497,-0.278288,-1.84717,-176.564,
-0.0165746,0,0,-0.0313076,-0.0313076,0,0,-0.014733,0.0110497,0.0110497,-0.279538,-1.85747,-176.569,
-0.0165746,0,0,-0.014733,-0.014733,0,0,-0.014733,0.0110497,0.0110497,-0.293762,-1.86715,-176.553,
-0.0165746,0,0,-0.014733,-0.014733,0,0,-0.014733,0.0110497,0.0110497,-0.312981,-1.86265,-176.543,
-0.0165746,0,0,-0.014733,-0.014733,0,0,-0.014733,0.0110497,0.0110497,-0.300598,-1.86677,-176.543,
-0.0165746,0,0,-0.014733,-0.014733,0,0,-0.014733,0.0110497,0.0110497,-0.298248,-1.85627,-176.543,
-0.0165746,0,0,-0.014733,-0.014733,0,0,-0.014733,0.0110497,0.0110497,-0.310525,-1.86663,-176.551,
-0.0165746,0,0,-0.014733,-0.014733,0,0,-0.014733,0.0110497,0.0110497,-0.319178,-1.88757,-176.558,
-0.0165746,0,0,-0.014733,-0.014733,0,0,-0.014733,0.0110497,0.0110497,-0.30511,-1.88203,-176.559,
-0.0165746,0,0,-0.014733,-0.014733,0,0,-0.014733,0.0110497,0.0110497,-0.300998,-1.88748,-176.568,
-0.0165746,0,0,-0.014733,-0.014733,0,0,-0.014733,0.0110497,0.0110497,-0.296655,-1.88354,-176.576,
-0.0165746,0,0,-0.014733,-0.014733,0,0,-0.014733,0.0110497,0.0110497,-0.279882,-1.86213,-176.587,
-0.0165746,0,0,-0.014733,-0.014733,0,0,-0.014733,0.0110497,0.0110497,-0.289224,-1.85936,-176.586,
-0.0165746,0,0,-0.014733,-0.014733,0,0,-0.014733,0.0110497,0.0110497,-0.280407,-1.86188,-176.586,
-0.0165746,0,0,-0.014733,-0.014733,0,0,-0.014733,0.0110497,0.0110497,-0.299758,-1.86754,-176.58,
-0.0165746,0,0,-0.014733,-0.014733,0,0,-0.014733,0.0110497,0.0110497,-0.299796,-1.87153,-176.585,
-0.0165746,0,0,-0.014733,-0.014733,0,0,-0.014733,0.0110497,0.0110497,-0.304375,-1.88377,-176.591,
-0.0165746,0,0,-0.014733,-0.014733,0,0,-0.014733,0.0110497,0.0110497,-0.307015,-1.87319,-176.578,
-0.0165746,0,0,-0.014733,-0.014733,0,0,-0.014733,0.0110497,0.0110497,-0.315058,-1.86883,-176.583,
-0.0165746,0,0,-0.014733,-0.014733,0,0,-0.014733,0.0110497,0.0110497,-0.309592,-1.86224,-176.58,
-0.0165746,0,0,-0.014733,-0.014733,0,0,-0.014733,0.0110497,0.0110497,-0.300817,-1.86377,-176.58,
-0.0165746,0,0,-0.014733,-0.014733,0,0,-0.014733,0.0110497,0.0110497,-0.333637,-1.85807,-176.572,
-0.0165746,0,0,-0.014733,-0.014733,0,0,-0.014733,0.0110497,0.0110497,-0.339798,-1.85583,-176.566,
-0.0165746,0,0,-0.014733,-0.014733,0,0,-0.014733,0.0110497,0.0110497,-0.325179,-1.87082,-176.569,
-0.0165746,0,0,-0.014733,-0.014733,0,0,-0.014733,0.0110497,0.0110497,-0.331363,-1.86453,-176.565,
-0.0165746,0,0,-0.014733,-0.014733,0,0,-0.014733,0.0110497,0.0110497,-0.315404,-1.85861,-176.564,
-0.0165746,0,0,-0.014733,-0.014733,0,0,-0.014733,0.0110497,0.0110497,-0.319232,-1.87279,-176.568,
-0.0165746,0,0,-0.014733,-0.014733,0,0,-0.014733,0.0110497,0.0110497,-0.318,-1.8732,-176.571,
-0.0165746,0,0,-0.014733,-0.014733,0,0,-0.014733,0.0110497,0.0110497,-0.302397,-1.8636,-176.575,
